study_accession	sample_accession	experiment_accession	run_accession	tax_id	scientific_name	fastq_ftp	submitted_ftp	sra_ftp
PRJEB19856	SAMEA103892433	ERX1933710	ERR1873185	410658	soil metagenome	ftp.sra.ebi.ac.uk/vol1/fastq/ERR187/005/ERR1873185/ERR1873185_1.fastq.gz;ftp.sra.ebi.ac.uk/vol1/fastq/ERR187/005/ERR1873185/ERR1873185_2.fastq.gz	ftp.sra.ebi.ac.uk/vol1/run/ERR187/ERR1873185/AV103.1.fq.gz;ftp.sra.ebi.ac.uk/vol1/run/ERR187/ERR1873185/AV103.2.fq.gz	
PRJEB19856	SAMEA103892434	ERX1933711	ERR1873186	410658	soil metagenome	ftp.sra.ebi.ac.uk/vol1/fastq/ERR187/006/ERR1873186/ERR1873186_1.fastq.gz;ftp.sra.ebi.ac.uk/vol1/fastq/ERR187/006/ERR1873186/ERR1873186_2.fastq.gz	ftp.sra.ebi.ac.uk/vol1/run/ERR187/ERR1873186/AV104.1.fq.gz;ftp.sra.ebi.ac.uk/vol1/run/ERR187/ERR1873186/AV104.2.fq.gz	
PRJEB19856	SAMEA103892435	ERX1933712	ERR1873187	410658	soil metagenome	ftp.sra.ebi.ac.uk/vol1/fastq/ERR187/007/ERR1873187/ERR1873187.fastq.gz	ftp.sra.ebi.ac.uk/vol1/run/ERR187/ERR1873187/AV105.1.fq.gz;ftp.sra.ebi.ac.uk/vol1/run/ERR187/ERR1873187/AV105.2.fq.gz	
PRJEB19856	SAMEA103892436	ERX1933713	ERR1873188	410658	soil metagenome	ftp.sra.ebi.ac.uk/vol1/fastq/ERR187/008/ERR1873188/ERR1873188_1.fastq.gz;ftp.sra.ebi.ac.uk/vol1/fastq/ERR187/008/ERR1873188/ERR1873188_2.fastq.gz	ftp.sra.ebi.ac.uk/vol1/run/ERR187/ERR1873188/AV110.1.fq.gz;ftp.sra.ebi.ac.uk/vol1/run/ERR187/ERR1873188/AV110.2.fq.gz	
PRJEB19856	SAMEA103892437	ERX1933714	ERR1873189	410658	soil metagenome	ftp.sra.ebi.ac.uk/vol1/fastq/ERR187/009/ERR1873189/ERR1873189_1.fastq.gz;ftp.sra.ebi.ac.uk/vol1/fastq/ERR187/009/ERR1873189/ERR1873189_2.fastq.gz	ftp.sra.ebi.ac.uk/vol1/run/ERR187/ERR1873189/AV112.1.fq.gz;ftp.sra.ebi.ac.uk/vol1/run/ERR187/ERR1873189/AV112.2.fq.gz	
PRJEB19856	SAMEA103892438	ERX1933715	ERR1873190	410658	soil metagenome	ftp.sra.ebi.ac.uk/vol1/fastq/ERR187/000/ERR1873190/ERR1873190_1.fastq.gz;ftp.sra.ebi.ac.uk/vol1/fastq/ERR187/000/ERR1873190/ERR1873190_2.fastq.gz	ftp.sra.ebi.ac.uk/vol1/run/ERR187/ERR1873190/AV114.1.fq.gz;ftp.sra.ebi.ac.uk/vol1/run/ERR187/ERR1873190/AV114.2.fq.gz	
PRJEB19856	SAMEA103892439	ERX1933716	ERR1873191	410658	soil metagenome	ftp.sra.ebi.ac.uk/vol1/fastq/ERR187/001/ERR1873191/ERR1873191_1.fastq.gz;ftp.sra.ebi.ac.uk/vol1/fastq/ERR187/001/ERR1873191/ERR1873191_2.fastq.gz	ftp.sra.ebi.ac.uk/vol1/run/ERR187/ERR1873191/AV117.1.fq.gz;ftp.sra.ebi.ac.uk/vol1/run/ERR187/ERR1873191/AV117.2.fq.gz	
PRJEB19856	SAMEA103892440	ERX1933717	ERR1873192	410658	soil metagenome	ftp.sra.ebi.ac.uk/vol1/fastq/ERR187/002/ERR1873192/ERR1873192_1.fastq.gz;ftp.sra.ebi.ac.uk/vol1/fastq/ERR187/002/ERR1873192/ERR1873192_2.fastq.gz	ftp.sra.ebi.ac.uk/vol1/run/ERR187/ERR1873192/AV120.1.fq.gz;ftp.sra.ebi.ac.uk/vol1/run/ERR187/ERR1873192/AV120.2.fq.gz	
PRJEB19856	SAMEA103892441	ERX1933718	ERR1873193	410658	soil metagenome	ftp.sra.ebi.ac.uk/vol1/fastq/ERR187/003/ERR1873193/ERR1873193_1.fastq.gz;ftp.sra.ebi.ac.uk/vol1/fastq/ERR187/003/ERR1873193/ERR1873193_2.fastq.gz	ftp.sra.ebi.ac.uk/vol1/run/ERR187/ERR1873193/AV125.1.fq.gz;ftp.sra.ebi.ac.uk/vol1/run/ERR187/ERR1873193/AV125.2.fq.gz	
PRJEB19856	SAMEA103892442	ERX1933719	ERR1873194	410658	soil metagenome	ftp.sra.ebi.ac.uk/vol1/fastq/ERR187/004/ERR1873194/ERR1873194_1.fastq.gz;ftp.sra.ebi.ac.uk/vol1/fastq/ERR187/004/ERR1873194/ERR1873194_2.fastq.gz	ftp.sra.ebi.ac.uk/vol1/run/ERR187/ERR1873194/AV127.1.fq.gz;ftp.sra.ebi.ac.uk/vol1/run/ERR187/ERR1873194/AV127.2.fq.gz	
PRJEB19856	SAMEA103892444	ERX1933720	ERR1873195	410658	soil metagenome	ftp.sra.ebi.ac.uk/vol1/fastq/ERR187/005/ERR1873195/ERR1873195_1.fastq.gz;ftp.sra.ebi.ac.uk/vol1/fastq/ERR187/005/ERR1873195/ERR1873195_2.fastq.gz	ftp.sra.ebi.ac.uk/vol1/run/ERR187/ERR1873195/G2538.1.fq.gz;ftp.sra.ebi.ac.uk/vol1/run/ERR187/ERR1873195/G2538.2.fq.gz	
PRJEB19856	SAMEA103892445	ERX1933721	ERR1873196	410658	soil metagenome	ftp.sra.ebi.ac.uk/vol1/fastq/ERR187/006/ERR1873196/ERR1873196_1.fastq.gz;ftp.sra.ebi.ac.uk/vol1/fastq/ERR187/006/ERR1873196/ERR1873196_2.fastq.gz	ftp.sra.ebi.ac.uk/vol1/run/ERR187/ERR1873196/G2620.1.fq.gz;ftp.sra.ebi.ac.uk/vol1/run/ERR187/ERR1873196/G2620.2.fq.gz	
PRJEB19856	SAMEA103892446	ERX1933722	ERR1873197	410658	soil metagenome	ftp.sra.ebi.ac.uk/vol1/fastq/ERR187/007/ERR1873197/ERR1873197_1.fastq.gz;ftp.sra.ebi.ac.uk/vol1/fastq/ERR187/007/ERR1873197/ERR1873197_2.fastq.gz	ftp.sra.ebi.ac.uk/vol1/run/ERR187/ERR1873197/G2629.1.fq.gz;ftp.sra.ebi.ac.uk/vol1/run/ERR187/ERR1873197/G2629.2.fq.gz	
PRJEB19856	SAMEA103892447	ERX1933723	ERR1873198	410658	soil metagenome	ftp.sra.ebi.ac.uk/vol1/fastq/ERR187/008/ERR1873198/ERR1873198_1.fastq.gz;ftp.sra.ebi.ac.uk/vol1/fastq/ERR187/008/ERR1873198/ERR1873198_2.fastq.gz	ftp.sra.ebi.ac.uk/vol1/run/ERR187/ERR1873198/G2640.1.fq.gz;ftp.sra.ebi.ac.uk/vol1/run/ERR187/ERR1873198/G2640.2.fq.gz	
PRJEB19856	SAMEA103892448	ERX1933724	ERR1873199	410658	soil metagenome	ftp.sra.ebi.ac.uk/vol1/fastq/ERR187/009/ERR1873199/ERR1873199_1.fastq.gz;ftp.sra.ebi.ac.uk/vol1/fastq/ERR187/009/ERR1873199/ERR1873199_2.fastq.gz	ftp.sra.ebi.ac.uk/vol1/run/ERR187/ERR1873199/G2643.1.fq.gz;ftp.sra.ebi.ac.uk/vol1/run/ERR187/ERR1873199/G2643.2.fq.gz	
PRJEB19856	SAMEA103892450	ERX1933726	ERR1873201	410658	soil metagenome	ftp.sra.ebi.ac.uk/vol1/fastq/ERR187/001/ERR1873201/ERR1873201_1.fastq.gz;ftp.sra.ebi.ac.uk/vol1/fastq/ERR187/001/ERR1873201/ERR1873201_2.fastq.gz	ftp.sra.ebi.ac.uk/vol1/run/ERR187/ERR1873201/G2648.1.fq.gz;ftp.sra.ebi.ac.uk/vol1/run/ERR187/ERR1873201/G2648.2.fq.gz	
PRJEB19856	SAMEA103892451	ERX1933727	ERR1873202	410658	soil metagenome	ftp.sra.ebi.ac.uk/vol1/fastq/ERR187/002/ERR1873202/ERR1873202_1.fastq.gz;ftp.sra.ebi.ac.uk/vol1/fastq/ERR187/002/ERR1873202/ERR1873202_2.fastq.gz	ftp.sra.ebi.ac.uk/vol1/run/ERR187/ERR1873202/G2649.1.fq.gz;ftp.sra.ebi.ac.uk/vol1/run/ERR187/ERR1873202/G2649.2.fq.gz	
PRJEB19856	SAMEA103892452	ERX1933728	ERR1873203	410658	soil metagenome	ftp.sra.ebi.ac.uk/vol1/fastq/ERR187/003/ERR1873203/ERR1873203_1.fastq.gz;ftp.sra.ebi.ac.uk/vol1/fastq/ERR187/003/ERR1873203/ERR1873203_2.fastq.gz	ftp.sra.ebi.ac.uk/vol1/run/ERR187/ERR1873203/G2650.1.fq.gz;ftp.sra.ebi.ac.uk/vol1/run/ERR187/ERR1873203/G2650.2.fq.gz	
PRJEB19856	SAMEA103892453	ERX1933729	ERR1873204	410658	soil metagenome	ftp.sra.ebi.ac.uk/vol1/fastq/ERR187/004/ERR1873204/ERR1873204_1.fastq.gz;ftp.sra.ebi.ac.uk/vol1/fastq/ERR187/004/ERR1873204/ERR1873204_2.fastq.gz	ftp.sra.ebi.ac.uk/vol1/run/ERR187/ERR1873204/G2653.1.fq.gz;ftp.sra.ebi.ac.uk/vol1/run/ERR187/ERR1873204/G2653.2.fq.gz	
PRJEB19856	SAMEA103892454	ERX1933730	ERR1873205	410658	soil metagenome	ftp.sra.ebi.ac.uk/vol1/fastq/ERR187/005/ERR1873205/ERR1873205_1.fastq.gz;ftp.sra.ebi.ac.uk/vol1/fastq/ERR187/005/ERR1873205/ERR1873205_2.fastq.gz	ftp.sra.ebi.ac.uk/vol1/run/ERR187/ERR1873205/G2655.1.fq.gz;ftp.sra.ebi.ac.uk/vol1/run/ERR187/ERR1873205/G2655.2.fq.gz	
PRJEB19856	SAMEA103892455	ERX1933731	ERR1873206	410658	soil metagenome	ftp.sra.ebi.ac.uk/vol1/fastq/ERR187/006/ERR1873206/ERR1873206_1.fastq.gz;ftp.sra.ebi.ac.uk/vol1/fastq/ERR187/006/ERR1873206/ERR1873206_2.fastq.gz	ftp.sra.ebi.ac.uk/vol1/run/ERR187/ERR1873206/G2657.1.fq.gz;ftp.sra.ebi.ac.uk/vol1/run/ERR187/ERR1873206/G2657.2.fq.gz	
PRJEB19856	SAMEA103892456	ERX1933732	ERR1873207	410658	soil metagenome	ftp.sra.ebi.ac.uk/vol1/fastq/ERR187/007/ERR1873207/ERR1873207_1.fastq.gz;ftp.sra.ebi.ac.uk/vol1/fastq/ERR187/007/ERR1873207/ERR1873207_2.fastq.gz	ftp.sra.ebi.ac.uk/vol1/run/ERR187/ERR1873207/G2658.1.fq.gz;ftp.sra.ebi.ac.uk/vol1/run/ERR187/ERR1873207/G2658.2.fq.gz	
PRJEB19856	SAMEA103892457	ERX1933733	ERR1873208	410658	soil metagenome	ftp.sra.ebi.ac.uk/vol1/fastq/ERR187/008/ERR1873208/ERR1873208_1.fastq.gz;ftp.sra.ebi.ac.uk/vol1/fastq/ERR187/008/ERR1873208/ERR1873208_2.fastq.gz	ftp.sra.ebi.ac.uk/vol1/run/ERR187/ERR1873208/G2659.1.fq.gz;ftp.sra.ebi.ac.uk/vol1/run/ERR187/ERR1873208/G2659.2.fq.gz	
PRJEB19856	SAMEA103892458	ERX1933734	ERR1873209	410658	soil metagenome	ftp.sra.ebi.ac.uk/vol1/fastq/ERR187/009/ERR1873209/ERR1873209_1.fastq.gz;ftp.sra.ebi.ac.uk/vol1/fastq/ERR187/009/ERR1873209/ERR1873209_2.fastq.gz	ftp.sra.ebi.ac.uk/vol1/run/ERR187/ERR1873209/G2660.1.fq.gz;ftp.sra.ebi.ac.uk/vol1/run/ERR187/ERR1873209/G2660.2.fq.gz	
PRJEB19856	SAMEA103892459	ERX1933735	ERR1873210	410658	soil metagenome	ftp.sra.ebi.ac.uk/vol1/fastq/ERR187/000/ERR1873210/ERR1873210_1.fastq.gz;ftp.sra.ebi.ac.uk/vol1/fastq/ERR187/000/ERR1873210/ERR1873210_2.fastq.gz	ftp.sra.ebi.ac.uk/vol1/run/ERR187/ERR1873210/G2661.1.fq.gz;ftp.sra.ebi.ac.uk/vol1/run/ERR187/ERR1873210/G2661.2.fq.gz	
PRJEB19856	SAMEA103892460	ERX1933736	ERR1873211	410658	soil metagenome	ftp.sra.ebi.ac.uk/vol1/fastq/ERR187/001/ERR1873211/ERR1873211_1.fastq.gz;ftp.sra.ebi.ac.uk/vol1/fastq/ERR187/001/ERR1873211/ERR1873211_2.fastq.gz	ftp.sra.ebi.ac.uk/vol1/run/ERR187/ERR1873211/G2664.1.fq.gz;ftp.sra.ebi.ac.uk/vol1/run/ERR187/ERR1873211/G2664.2.fq.gz	
PRJEB19856	SAMEA103892461	ERX1933737	ERR1873212	410658	soil metagenome	ftp.sra.ebi.ac.uk/vol1/fastq/ERR187/002/ERR1873212/ERR1873212_1.fastq.gz;ftp.sra.ebi.ac.uk/vol1/fastq/ERR187/002/ERR1873212/ERR1873212_2.fastq.gz	ftp.sra.ebi.ac.uk/vol1/run/ERR187/ERR1873212/G2669.1.fq.gz;ftp.sra.ebi.ac.uk/vol1/run/ERR187/ERR1873212/G2669.2.fq.gz	
PRJEB19856	SAMEA103892462	ERX1933738	ERR1873213	410658	soil metagenome	ftp.sra.ebi.ac.uk/vol1/fastq/ERR187/003/ERR1873213/ERR1873213_1.fastq.gz;ftp.sra.ebi.ac.uk/vol1/fastq/ERR187/003/ERR1873213/ERR1873213_2.fastq.gz	ftp.sra.ebi.ac.uk/vol1/run/ERR187/ERR1873213/G2677.1.fq.gz;ftp.sra.ebi.ac.uk/vol1/run/ERR187/ERR1873213/G2677.2.fq.gz	
PRJEB19856	SAMEA103892463	ERX1933739	ERR1873214	410658	soil metagenome	ftp.sra.ebi.ac.uk/vol1/fastq/ERR187/004/ERR1873214/ERR1873214_1.fastq.gz;ftp.sra.ebi.ac.uk/vol1/fastq/ERR187/004/ERR1873214/ERR1873214_2.fastq.gz	ftp.sra.ebi.ac.uk/vol1/run/ERR187/ERR1873214/G2679.1.fq.gz;ftp.sra.ebi.ac.uk/vol1/run/ERR187/ERR1873214/G2679.2.fq.gz	
PRJEB19856	SAMEA103892464	ERX1933740	ERR1873215	410658	soil metagenome	ftp.sra.ebi.ac.uk/vol1/fastq/ERR187/005/ERR1873215/ERR1873215_1.fastq.gz;ftp.sra.ebi.ac.uk/vol1/fastq/ERR187/005/ERR1873215/ERR1873215_2.fastq.gz	ftp.sra.ebi.ac.uk/vol1/run/ERR187/ERR1873215/G2700.1.fq.gz;ftp.sra.ebi.ac.uk/vol1/run/ERR187/ERR1873215/G2700.2.fq.gz	
PRJEB19856	SAMEA103892465	ERX1933741	ERR1873216	410658	soil metagenome	ftp.sra.ebi.ac.uk/vol1/fastq/ERR187/006/ERR1873216/ERR1873216_1.fastq.gz;ftp.sra.ebi.ac.uk/vol1/fastq/ERR187/006/ERR1873216/ERR1873216_2.fastq.gz	ftp.sra.ebi.ac.uk/vol1/run/ERR187/ERR1873216/G2728.1.fq.gz;ftp.sra.ebi.ac.uk/vol1/run/ERR187/ERR1873216/G2728.2.fq.gz	
PRJEB19856	SAMEA103892466	ERX1933742	ERR1873217	410658	soil metagenome	ftp.sra.ebi.ac.uk/vol1/fastq/ERR187/007/ERR1873217/ERR1873217_1.fastq.gz;ftp.sra.ebi.ac.uk/vol1/fastq/ERR187/007/ERR1873217/ERR1873217_2.fastq.gz	ftp.sra.ebi.ac.uk/vol1/run/ERR187/ERR1873217/G2733.1.fq.gz;ftp.sra.ebi.ac.uk/vol1/run/ERR187/ERR1873217/G2733.2.fq.gz	
PRJEB19856	SAMEA103892467	ERX1933743	ERR1873218	410658	soil metagenome	ftp.sra.ebi.ac.uk/vol1/fastq/ERR187/008/ERR1873218/ERR1873218_1.fastq.gz;ftp.sra.ebi.ac.uk/vol1/fastq/ERR187/008/ERR1873218/ERR1873218_2.fastq.gz	ftp.sra.ebi.ac.uk/vol1/run/ERR187/ERR1873218/G2736.1.fq.gz;ftp.sra.ebi.ac.uk/vol1/run/ERR187/ERR1873218/G2736.2.fq.gz	
PRJEB19856	SAMEA103892468	ERX1933744	ERR1873219	410658	soil metagenome	ftp.sra.ebi.ac.uk/vol1/fastq/ERR187/009/ERR1873219/ERR1873219_1.fastq.gz;ftp.sra.ebi.ac.uk/vol1/fastq/ERR187/009/ERR1873219/ERR1873219_2.fastq.gz	ftp.sra.ebi.ac.uk/vol1/run/ERR187/ERR1873219/G2742.1.fq.gz;ftp.sra.ebi.ac.uk/vol1/run/ERR187/ERR1873219/G2742.2.fq.gz	
PRJEB19856	SAMEA103892469	ERX1933745	ERR1873220	410658	soil metagenome	ftp.sra.ebi.ac.uk/vol1/fastq/ERR187/000/ERR1873220/ERR1873220_1.fastq.gz;ftp.sra.ebi.ac.uk/vol1/fastq/ERR187/000/ERR1873220/ERR1873220_2.fastq.gz	ftp.sra.ebi.ac.uk/vol1/run/ERR187/ERR1873220/G2745X.1.fq.gz;ftp.sra.ebi.ac.uk/vol1/run/ERR187/ERR1873220/G2745X.2.fq.gz	
PRJEB19856	SAMEA103892471	ERX1933746	ERR1873221	410658	soil metagenome	ftp.sra.ebi.ac.uk/vol1/fastq/ERR187/001/ERR1873221/ERR1873221_1.fastq.gz;ftp.sra.ebi.ac.uk/vol1/fastq/ERR187/001/ERR1873221/ERR1873221_2.fastq.gz	ftp.sra.ebi.ac.uk/vol1/run/ERR187/ERR1873221/G2747.1.fq.gz;ftp.sra.ebi.ac.uk/vol1/run/ERR187/ERR1873221/G2747.2.fq.gz	
PRJEB19856	SAMEA103892472	ERX1933747	ERR1873222	410658	soil metagenome	ftp.sra.ebi.ac.uk/vol1/fastq/ERR187/002/ERR1873222/ERR1873222_1.fastq.gz;ftp.sra.ebi.ac.uk/vol1/fastq/ERR187/002/ERR1873222/ERR1873222_2.fastq.gz	ftp.sra.ebi.ac.uk/vol1/run/ERR187/ERR1873222/G2751.1.fq.gz;ftp.sra.ebi.ac.uk/vol1/run/ERR187/ERR1873222/G2751.2.fq.gz	
PRJEB19856	SAMEA103892473	ERX1933748	ERR1873223	410658	soil metagenome	ftp.sra.ebi.ac.uk/vol1/fastq/ERR187/003/ERR1873223/ERR1873223_1.fastq.gz;ftp.sra.ebi.ac.uk/vol1/fastq/ERR187/003/ERR1873223/ERR1873223_2.fastq.gz	ftp.sra.ebi.ac.uk/vol1/run/ERR187/ERR1873223/G2754.1.fq.gz;ftp.sra.ebi.ac.uk/vol1/run/ERR187/ERR1873223/G2754.2.fq.gz	
PRJEB19856	SAMEA103892475	ERX1933749	ERR1873224	410658	soil metagenome	ftp.sra.ebi.ac.uk/vol1/fastq/ERR187/004/ERR1873224/ERR1873224_1.fastq.gz;ftp.sra.ebi.ac.uk/vol1/fastq/ERR187/004/ERR1873224/ERR1873224_2.fastq.gz	ftp.sra.ebi.ac.uk/vol1/run/ERR187/ERR1873224/G2755.1.fq.gz;ftp.sra.ebi.ac.uk/vol1/run/ERR187/ERR1873224/G2755.2.fq.gz	
PRJEB19856	SAMEA103892474	ERX1933750	ERR1873225	410658	soil metagenome	ftp.sra.ebi.ac.uk/vol1/fastq/ERR187/005/ERR1873225/ERR1873225_1.fastq.gz;ftp.sra.ebi.ac.uk/vol1/fastq/ERR187/005/ERR1873225/ERR1873225_2.fastq.gz	ftp.sra.ebi.ac.uk/vol1/run/ERR187/ERR1873225/G2755X.1.fq.gz;ftp.sra.ebi.ac.uk/vol1/run/ERR187/ERR1873225/G2755X.2.fq.gz	
PRJEB19856	SAMEA103892476	ERX1933751	ERR1873226	410658	soil metagenome	ftp.sra.ebi.ac.uk/vol1/fastq/ERR187/006/ERR1873226/ERR1873226_1.fastq.gz;ftp.sra.ebi.ac.uk/vol1/fastq/ERR187/006/ERR1873226/ERR1873226_2.fastq.gz	ftp.sra.ebi.ac.uk/vol1/run/ERR187/ERR1873226/G2757X.1.fq.gz;ftp.sra.ebi.ac.uk/vol1/run/ERR187/ERR1873226/G2757X.2.fq.gz	
PRJEB19856	SAMEA103892477	ERX1933752	ERR1873227	410658	soil metagenome	ftp.sra.ebi.ac.uk/vol1/fastq/ERR187/007/ERR1873227/ERR1873227_1.fastq.gz;ftp.sra.ebi.ac.uk/vol1/fastq/ERR187/007/ERR1873227/ERR1873227_2.fastq.gz	ftp.sra.ebi.ac.uk/vol1/run/ERR187/ERR1873227/G2758.1.fq.gz;ftp.sra.ebi.ac.uk/vol1/run/ERR187/ERR1873227/G2758.2.fq.gz	
PRJEB19856	SAMEA103892478	ERX1933753	ERR1873228	410658	soil metagenome	ftp.sra.ebi.ac.uk/vol1/fastq/ERR187/008/ERR1873228/ERR1873228_1.fastq.gz;ftp.sra.ebi.ac.uk/vol1/fastq/ERR187/008/ERR1873228/ERR1873228_2.fastq.gz	ftp.sra.ebi.ac.uk/vol1/run/ERR187/ERR1873228/G2760.1.fq.gz;ftp.sra.ebi.ac.uk/vol1/run/ERR187/ERR1873228/G2760.2.fq.gz	
PRJEB19856	SAMEA103892432	ERX1933754	ERR1873229	410658	soil metagenome	ftp.sra.ebi.ac.uk/vol1/fastq/ERR187/009/ERR1873229/ERR1873229_1.fastq.gz;ftp.sra.ebi.ac.uk/vol1/fastq/ERR187/009/ERR1873229/ERR1873229_2.fastq.gz	ftp.sra.ebi.ac.uk/vol1/run/ERR187/ERR1873229/G2761a.1.fq.gz;ftp.sra.ebi.ac.uk/vol1/run/ERR187/ERR1873229/G2761a.2.fq.gz	
PRJEB19856	SAMEA103892621	ERX1933755	ERR1873230	410658	soil metagenome	ftp.sra.ebi.ac.uk/vol1/fastq/ERR187/000/ERR1873230/ERR1873230_1.fastq.gz;ftp.sra.ebi.ac.uk/vol1/fastq/ERR187/000/ERR1873230/ERR1873230_2.fastq.gz	ftp.sra.ebi.ac.uk/vol1/run/ERR187/ERR1873230/G2834.1.fq.gz;ftp.sra.ebi.ac.uk/vol1/run/ERR187/ERR1873230/G2834.2.fq.gz	
PRJEB19856	SAMEA103892483	ERX1933756	ERR1873231	410658	soil metagenome	ftp.sra.ebi.ac.uk/vol1/fastq/ERR187/001/ERR1873231/ERR1873231_1.fastq.gz;ftp.sra.ebi.ac.uk/vol1/fastq/ERR187/001/ERR1873231/ERR1873231_2.fastq.gz	ftp.sra.ebi.ac.uk/vol1/run/ERR187/ERR1873231/G2836.1.fq.gz;ftp.sra.ebi.ac.uk/vol1/run/ERR187/ERR1873231/G2836.2.fq.gz	
PRJEB19856	SAMEA103892484	ERX1933757	ERR1873232	410658	soil metagenome	ftp.sra.ebi.ac.uk/vol1/fastq/ERR187/002/ERR1873232/ERR1873232_1.fastq.gz;ftp.sra.ebi.ac.uk/vol1/fastq/ERR187/002/ERR1873232/ERR1873232_2.fastq.gz	ftp.sra.ebi.ac.uk/vol1/run/ERR187/ERR1873232/G2838.1.fq.gz;ftp.sra.ebi.ac.uk/vol1/run/ERR187/ERR1873232/G2838.2.fq.gz	
PRJEB19856	SAMEA103892485	ERX1933758	ERR1873233	410658	soil metagenome	ftp.sra.ebi.ac.uk/vol1/fastq/ERR187/003/ERR1873233/ERR1873233_1.fastq.gz;ftp.sra.ebi.ac.uk/vol1/fastq/ERR187/003/ERR1873233/ERR1873233_2.fastq.gz	ftp.sra.ebi.ac.uk/vol1/run/ERR187/ERR1873233/G2839.1.fq.gz;ftp.sra.ebi.ac.uk/vol1/run/ERR187/ERR1873233/G2839.2.fq.gz	
PRJEB19856	SAMEA103892486	ERX1933759	ERR1873234	410658	soil metagenome	ftp.sra.ebi.ac.uk/vol1/fastq/ERR187/004/ERR1873234/ERR1873234_1.fastq.gz;ftp.sra.ebi.ac.uk/vol1/fastq/ERR187/004/ERR1873234/ERR1873234_2.fastq.gz	ftp.sra.ebi.ac.uk/vol1/run/ERR187/ERR1873234/G2840.1.fq.gz;ftp.sra.ebi.ac.uk/vol1/run/ERR187/ERR1873234/G2840.2.fq.gz	
PRJEB19856	SAMEA103892490	ERX1933760	ERR1873235	410658	soil metagenome	ftp.sra.ebi.ac.uk/vol1/fastq/ERR187/005/ERR1873235/ERR1873235_1.fastq.gz;ftp.sra.ebi.ac.uk/vol1/fastq/ERR187/005/ERR1873235/ERR1873235_2.fastq.gz	ftp.sra.ebi.ac.uk/vol1/run/ERR187/ERR1873235/G2907.1.fq.gz;ftp.sra.ebi.ac.uk/vol1/run/ERR187/ERR1873235/G2907.2.fq.gz	
PRJEB19856	SAMEA103892492	ERX1933761	ERR1873236	410658	soil metagenome	ftp.sra.ebi.ac.uk/vol1/fastq/ERR187/006/ERR1873236/ERR1873236_1.fastq.gz;ftp.sra.ebi.ac.uk/vol1/fastq/ERR187/006/ERR1873236/ERR1873236_2.fastq.gz	ftp.sra.ebi.ac.uk/vol1/run/ERR187/ERR1873236/G2969.1.fq.gz;ftp.sra.ebi.ac.uk/vol1/run/ERR187/ERR1873236/G2969.2.fq.gz	
PRJEB19856	SAMEA103892493	ERX1933762	ERR1873237	410658	soil metagenome	ftp.sra.ebi.ac.uk/vol1/fastq/ERR187/007/ERR1873237/ERR1873237_1.fastq.gz;ftp.sra.ebi.ac.uk/vol1/fastq/ERR187/007/ERR1873237/ERR1873237_2.fastq.gz	ftp.sra.ebi.ac.uk/vol1/run/ERR187/ERR1873237/G2971.1.fq.gz;ftp.sra.ebi.ac.uk/vol1/run/ERR187/ERR1873237/G2971.2.fq.gz	
PRJEB19856	SAMEA103892495	ERX1933764	ERR1873239	410658	soil metagenome	ftp.sra.ebi.ac.uk/vol1/fastq/ERR187/009/ERR1873239/ERR1873239_1.fastq.gz;ftp.sra.ebi.ac.uk/vol1/fastq/ERR187/009/ERR1873239/ERR1873239_2.fastq.gz	ftp.sra.ebi.ac.uk/vol1/run/ERR187/ERR1873239/G3051.1.fq.gz;ftp.sra.ebi.ac.uk/vol1/run/ERR187/ERR1873239/G3051.2.fq.gz	
PRJEB19856	SAMEA103892496	ERX1933765	ERR1873240	410658	soil metagenome	ftp.sra.ebi.ac.uk/vol1/fastq/ERR187/000/ERR1873240/ERR1873240_1.fastq.gz;ftp.sra.ebi.ac.uk/vol1/fastq/ERR187/000/ERR1873240/ERR1873240_2.fastq.gz	ftp.sra.ebi.ac.uk/vol1/run/ERR187/ERR1873240/G3055.1.fq.gz;ftp.sra.ebi.ac.uk/vol1/run/ERR187/ERR1873240/G3055.2.fq.gz	
PRJEB19856	SAMEA103892497	ERX1933766	ERR1873241	410658	soil metagenome	ftp.sra.ebi.ac.uk/vol1/fastq/ERR187/001/ERR1873241/ERR1873241_1.fastq.gz;ftp.sra.ebi.ac.uk/vol1/fastq/ERR187/001/ERR1873241/ERR1873241_2.fastq.gz	ftp.sra.ebi.ac.uk/vol1/run/ERR187/ERR1873241/G3057.1.fq.gz;ftp.sra.ebi.ac.uk/vol1/run/ERR187/ERR1873241/G3057.2.fq.gz	
PRJEB19856	SAMEA103892498	ERX1933767	ERR1873242	410658	soil metagenome	ftp.sra.ebi.ac.uk/vol1/fastq/ERR187/002/ERR1873242/ERR1873242_1.fastq.gz;ftp.sra.ebi.ac.uk/vol1/fastq/ERR187/002/ERR1873242/ERR1873242_2.fastq.gz	ftp.sra.ebi.ac.uk/vol1/run/ERR187/ERR1873242/G3059.1.fq.gz;ftp.sra.ebi.ac.uk/vol1/run/ERR187/ERR1873242/G3059.2.fq.gz	
PRJEB19856	SAMEA103892499	ERX1933768	ERR1873243	410658	soil metagenome	ftp.sra.ebi.ac.uk/vol1/fastq/ERR187/003/ERR1873243/ERR1873243_1.fastq.gz;ftp.sra.ebi.ac.uk/vol1/fastq/ERR187/003/ERR1873243/ERR1873243_2.fastq.gz	ftp.sra.ebi.ac.uk/vol1/run/ERR187/ERR1873243/G3060.1.fq.gz;ftp.sra.ebi.ac.uk/vol1/run/ERR187/ERR1873243/G3060.2.fq.gz	
PRJEB19856	SAMEA103892501	ERX1933769	ERR1873244	410658	soil metagenome	ftp.sra.ebi.ac.uk/vol1/fastq/ERR187/004/ERR1873244/ERR1873244_1.fastq.gz;ftp.sra.ebi.ac.uk/vol1/fastq/ERR187/004/ERR1873244/ERR1873244_2.fastq.gz	ftp.sra.ebi.ac.uk/vol1/run/ERR187/ERR1873244/G3308.1.fq.gz;ftp.sra.ebi.ac.uk/vol1/run/ERR187/ERR1873244/G3308.2.fq.gz	
PRJEB19856	SAMEA103892502	ERX1933770	ERR1873245	410658	soil metagenome	ftp.sra.ebi.ac.uk/vol1/fastq/ERR187/005/ERR1873245/ERR1873245_1.fastq.gz;ftp.sra.ebi.ac.uk/vol1/fastq/ERR187/005/ERR1873245/ERR1873245_2.fastq.gz	ftp.sra.ebi.ac.uk/vol1/run/ERR187/ERR1873245/G3318.1.fq.gz;ftp.sra.ebi.ac.uk/vol1/run/ERR187/ERR1873245/G3318.2.fq.gz	
PRJEB19856	SAMEA103892504	ERX1933771	ERR1873246	410658	soil metagenome	ftp.sra.ebi.ac.uk/vol1/fastq/ERR187/006/ERR1873246/ERR1873246_1.fastq.gz;ftp.sra.ebi.ac.uk/vol1/fastq/ERR187/006/ERR1873246/ERR1873246_2.fastq.gz	ftp.sra.ebi.ac.uk/vol1/run/ERR187/ERR1873246/G3429.1.fq.gz;ftp.sra.ebi.ac.uk/vol1/run/ERR187/ERR1873246/G3429.2.fq.gz	
PRJEB19856	SAMEA103892510	ERX1933772	ERR1873247	410658	soil metagenome	ftp.sra.ebi.ac.uk/vol1/fastq/ERR187/007/ERR1873247/ERR1873247_1.fastq.gz;ftp.sra.ebi.ac.uk/vol1/fastq/ERR187/007/ERR1873247/ERR1873247_2.fastq.gz	ftp.sra.ebi.ac.uk/vol1/run/ERR187/ERR1873247/S005.1.fq.gz;ftp.sra.ebi.ac.uk/vol1/run/ERR187/ERR1873247/S005.2.fq.gz	
PRJEB19856	SAMEA103892511	ERX1933773	ERR1873248	410658	soil metagenome	ftp.sra.ebi.ac.uk/vol1/fastq/ERR187/008/ERR1873248/ERR1873248_1.fastq.gz;ftp.sra.ebi.ac.uk/vol1/fastq/ERR187/008/ERR1873248/ERR1873248_2.fastq.gz	ftp.sra.ebi.ac.uk/vol1/run/ERR187/ERR1873248/S006.1.fq.gz;ftp.sra.ebi.ac.uk/vol1/run/ERR187/ERR1873248/S006.2.fq.gz	
PRJEB19856	SAMEA103892515	ERX1933774	ERR1873249	410658	soil metagenome	ftp.sra.ebi.ac.uk/vol1/fastq/ERR187/009/ERR1873249/ERR1873249_1.fastq.gz;ftp.sra.ebi.ac.uk/vol1/fastq/ERR187/009/ERR1873249/ERR1873249_2.fastq.gz	ftp.sra.ebi.ac.uk/vol1/run/ERR187/ERR1873249/S010.1.fq.gz;ftp.sra.ebi.ac.uk/vol1/run/ERR187/ERR1873249/S010.2.fq.gz	
PRJEB19856	SAMEA103892526	ERX1933775	ERR1873250	410658	soil metagenome	ftp.sra.ebi.ac.uk/vol1/fastq/ERR187/000/ERR1873250/ERR1873250_1.fastq.gz;ftp.sra.ebi.ac.uk/vol1/fastq/ERR187/000/ERR1873250/ERR1873250_2.fastq.gz	ftp.sra.ebi.ac.uk/vol1/run/ERR187/ERR1873250/S012.1.fq.gz;ftp.sra.ebi.ac.uk/vol1/run/ERR187/ERR1873250/S012.2.fq.gz	
PRJEB19856	SAMEA103892545	ERX1933776	ERR1873251	410658	soil metagenome	ftp.sra.ebi.ac.uk/vol1/fastq/ERR187/001/ERR1873251/ERR1873251_1.fastq.gz;ftp.sra.ebi.ac.uk/vol1/fastq/ERR187/001/ERR1873251/ERR1873251_2.fastq.gz	ftp.sra.ebi.ac.uk/vol1/run/ERR187/ERR1873251/S017.1.fq.gz;ftp.sra.ebi.ac.uk/vol1/run/ERR187/ERR1873251/S017.2.fq.gz	
PRJEB19856	SAMEA103892560	ERX1933777	ERR1873252	410658	soil metagenome	ftp.sra.ebi.ac.uk/vol1/fastq/ERR187/002/ERR1873252/ERR1873252_1.fastq.gz;ftp.sra.ebi.ac.uk/vol1/fastq/ERR187/002/ERR1873252/ERR1873252_2.fastq.gz	ftp.sra.ebi.ac.uk/vol1/run/ERR187/ERR1873252/S020.1.fq.gz;ftp.sra.ebi.ac.uk/vol1/run/ERR187/ERR1873252/S020.2.fq.gz	
PRJEB19856	SAMEA103892586	ERX1933778	ERR1873253	410658	soil metagenome	ftp.sra.ebi.ac.uk/vol1/fastq/ERR187/003/ERR1873253/ERR1873253_1.fastq.gz;ftp.sra.ebi.ac.uk/vol1/fastq/ERR187/003/ERR1873253/ERR1873253_2.fastq.gz	ftp.sra.ebi.ac.uk/vol1/run/ERR187/ERR1873253/S027.1.fq.gz;ftp.sra.ebi.ac.uk/vol1/run/ERR187/ERR1873253/S027.2.fq.gz	
PRJEB19856	SAMEA103892587	ERX1933779	ERR1873254	410658	soil metagenome	ftp.sra.ebi.ac.uk/vol1/fastq/ERR187/004/ERR1873254/ERR1873254_1.fastq.gz;ftp.sra.ebi.ac.uk/vol1/fastq/ERR187/004/ERR1873254/ERR1873254_2.fastq.gz	ftp.sra.ebi.ac.uk/vol1/run/ERR187/ERR1873254/S029.1.fq.gz;ftp.sra.ebi.ac.uk/vol1/run/ERR187/ERR1873254/S029.2.fq.gz	
PRJEB19856	SAMEA103892588	ERX1933780	ERR1873255	410658	soil metagenome	ftp.sra.ebi.ac.uk/vol1/fastq/ERR187/005/ERR1873255/ERR1873255_1.fastq.gz;ftp.sra.ebi.ac.uk/vol1/fastq/ERR187/005/ERR1873255/ERR1873255_2.fastq.gz	ftp.sra.ebi.ac.uk/vol1/run/ERR187/ERR1873255/S030.1.fq.gz;ftp.sra.ebi.ac.uk/vol1/run/ERR187/ERR1873255/S030.2.fq.gz	
PRJEB19856	SAMEA103892590	ERX1933781	ERR1873256	410658	soil metagenome	ftp.sra.ebi.ac.uk/vol1/fastq/ERR187/006/ERR1873256/ERR1873256_1.fastq.gz;ftp.sra.ebi.ac.uk/vol1/fastq/ERR187/006/ERR1873256/ERR1873256_2.fastq.gz	ftp.sra.ebi.ac.uk/vol1/run/ERR187/ERR1873256/S032.1.fq.gz;ftp.sra.ebi.ac.uk/vol1/run/ERR187/ERR1873256/S032.2.fq.gz	
PRJEB19856	SAMEA103892592	ERX1933782	ERR1873257	410658	soil metagenome	ftp.sra.ebi.ac.uk/vol1/fastq/ERR187/007/ERR1873257/ERR1873257_1.fastq.gz;ftp.sra.ebi.ac.uk/vol1/fastq/ERR187/007/ERR1873257/ERR1873257_2.fastq.gz	ftp.sra.ebi.ac.uk/vol1/run/ERR187/ERR1873257/S037.1.fq.gz;ftp.sra.ebi.ac.uk/vol1/run/ERR187/ERR1873257/S037.2.fq.gz	
PRJEB19856	SAMEA103892595	ERX1933783	ERR1873258	410658	soil metagenome	ftp.sra.ebi.ac.uk/vol1/fastq/ERR187/008/ERR1873258/ERR1873258_1.fastq.gz;ftp.sra.ebi.ac.uk/vol1/fastq/ERR187/008/ERR1873258/ERR1873258_2.fastq.gz	ftp.sra.ebi.ac.uk/vol1/run/ERR187/ERR1873258/S044.1.fq.gz;ftp.sra.ebi.ac.uk/vol1/run/ERR187/ERR1873258/S044.2.fq.gz	
PRJEB19856	SAMEA103892597	ERX1933784	ERR1873259	410658	soil metagenome	ftp.sra.ebi.ac.uk/vol1/fastq/ERR187/009/ERR1873259/ERR1873259_1.fastq.gz;ftp.sra.ebi.ac.uk/vol1/fastq/ERR187/009/ERR1873259/ERR1873259_2.fastq.gz	ftp.sra.ebi.ac.uk/vol1/run/ERR187/ERR1873259/S049.1.fq.gz;ftp.sra.ebi.ac.uk/vol1/run/ERR187/ERR1873259/S049.2.fq.gz	
PRJEB19856	SAMEA103892598	ERX1933785	ERR1873260	410658	soil metagenome	ftp.sra.ebi.ac.uk/vol1/fastq/ERR187/000/ERR1873260/ERR1873260_1.fastq.gz;ftp.sra.ebi.ac.uk/vol1/fastq/ERR187/000/ERR1873260/ERR1873260_2.fastq.gz	ftp.sra.ebi.ac.uk/vol1/run/ERR187/ERR1873260/S052.1.fq.gz;ftp.sra.ebi.ac.uk/vol1/run/ERR187/ERR1873260/S052.2.fq.gz	
PRJEB19856	SAMEA103892600	ERX1933786	ERR1873261	410658	soil metagenome	ftp.sra.ebi.ac.uk/vol1/fastq/ERR187/001/ERR1873261/ERR1873261_1.fastq.gz;ftp.sra.ebi.ac.uk/vol1/fastq/ERR187/001/ERR1873261/ERR1873261_2.fastq.gz	ftp.sra.ebi.ac.uk/vol1/run/ERR187/ERR1873261/S056.1.fq.gz;ftp.sra.ebi.ac.uk/vol1/run/ERR187/ERR1873261/S056.2.fq.gz	
PRJEB19856	SAMEA103892601	ERX1933787	ERR1873262	410658	soil metagenome	ftp.sra.ebi.ac.uk/vol1/fastq/ERR187/002/ERR1873262/ERR1873262_1.fastq.gz;ftp.sra.ebi.ac.uk/vol1/fastq/ERR187/002/ERR1873262/ERR1873262_2.fastq.gz	ftp.sra.ebi.ac.uk/vol1/run/ERR187/ERR1873262/S058.1.fq.gz;ftp.sra.ebi.ac.uk/vol1/run/ERR187/ERR1873262/S058.2.fq.gz	
PRJEB19856	SAMEA103892603	ERX1933788	ERR1873263	410658	soil metagenome	ftp.sra.ebi.ac.uk/vol1/fastq/ERR187/003/ERR1873263/ERR1873263_1.fastq.gz;ftp.sra.ebi.ac.uk/vol1/fastq/ERR187/003/ERR1873263/ERR1873263_2.fastq.gz	ftp.sra.ebi.ac.uk/vol1/run/ERR187/ERR1873263/S062.1.fq.gz;ftp.sra.ebi.ac.uk/vol1/run/ERR187/ERR1873263/S062.2.fq.gz	
PRJEB19856	SAMEA103892604	ERX1933789	ERR1873264	410658	soil metagenome	ftp.sra.ebi.ac.uk/vol1/fastq/ERR187/004/ERR1873264/ERR1873264_1.fastq.gz;ftp.sra.ebi.ac.uk/vol1/fastq/ERR187/004/ERR1873264/ERR1873264_2.fastq.gz	ftp.sra.ebi.ac.uk/vol1/run/ERR187/ERR1873264/S063.1.fq.gz;ftp.sra.ebi.ac.uk/vol1/run/ERR187/ERR1873264/S063.2.fq.gz	
PRJEB19856	SAMEA103892605	ERX1933790	ERR1873265	410658	soil metagenome	ftp.sra.ebi.ac.uk/vol1/fastq/ERR187/005/ERR1873265/ERR1873265_1.fastq.gz;ftp.sra.ebi.ac.uk/vol1/fastq/ERR187/005/ERR1873265/ERR1873265_2.fastq.gz	ftp.sra.ebi.ac.uk/vol1/run/ERR187/ERR1873265/S068.1.fq.gz;ftp.sra.ebi.ac.uk/vol1/run/ERR187/ERR1873265/S068.2.fq.gz	
PRJEB19856	SAMEA103892606	ERX1933791	ERR1873266	410658	soil metagenome	ftp.sra.ebi.ac.uk/vol1/fastq/ERR187/006/ERR1873266/ERR1873266_1.fastq.gz;ftp.sra.ebi.ac.uk/vol1/fastq/ERR187/006/ERR1873266/ERR1873266_2.fastq.gz	ftp.sra.ebi.ac.uk/vol1/run/ERR187/ERR1873266/S069.1.fq.gz;ftp.sra.ebi.ac.uk/vol1/run/ERR187/ERR1873266/S069.2.fq.gz	
PRJEB19856	SAMEA103892608	ERX1933792	ERR1873267	410658	soil metagenome	ftp.sra.ebi.ac.uk/vol1/fastq/ERR187/007/ERR1873267/ERR1873267_1.fastq.gz;ftp.sra.ebi.ac.uk/vol1/fastq/ERR187/007/ERR1873267/ERR1873267_2.fastq.gz	ftp.sra.ebi.ac.uk/vol1/run/ERR187/ERR1873267/S072.1.fq.gz;ftp.sra.ebi.ac.uk/vol1/run/ERR187/ERR1873267/S072.2.fq.gz	
PRJEB19856	SAMEA103892609	ERX1933793	ERR1873268	410658	soil metagenome	ftp.sra.ebi.ac.uk/vol1/fastq/ERR187/008/ERR1873268/ERR1873268_1.fastq.gz;ftp.sra.ebi.ac.uk/vol1/fastq/ERR187/008/ERR1873268/ERR1873268_2.fastq.gz	ftp.sra.ebi.ac.uk/vol1/run/ERR187/ERR1873268/S073.1.fq.gz;ftp.sra.ebi.ac.uk/vol1/run/ERR187/ERR1873268/S073.2.fq.gz	
PRJEB19856	SAMEA103892612	ERX1933794	ERR1873269	410658	soil metagenome	ftp.sra.ebi.ac.uk/vol1/fastq/ERR187/009/ERR1873269/ERR1873269_1.fastq.gz;ftp.sra.ebi.ac.uk/vol1/fastq/ERR187/009/ERR1873269/ERR1873269_2.fastq.gz	ftp.sra.ebi.ac.uk/vol1/run/ERR187/ERR1873269/S081.1.fq.gz;ftp.sra.ebi.ac.uk/vol1/run/ERR187/ERR1873269/S081.2.fq.gz	
PRJEB19856	SAMEA103892614	ERX1933795	ERR1873270	410658	soil metagenome	ftp.sra.ebi.ac.uk/vol1/fastq/ERR187/000/ERR1873270/ERR1873270_1.fastq.gz;ftp.sra.ebi.ac.uk/vol1/fastq/ERR187/000/ERR1873270/ERR1873270_2.fastq.gz	ftp.sra.ebi.ac.uk/vol1/run/ERR187/ERR1873270/S089.1.fq.gz;ftp.sra.ebi.ac.uk/vol1/run/ERR187/ERR1873270/S089.2.fq.gz	
PRJEB19856	SAMEA103892615	ERX1933796	ERR1873271	410658	soil metagenome	ftp.sra.ebi.ac.uk/vol1/fastq/ERR187/001/ERR1873271/ERR1873271_1.fastq.gz;ftp.sra.ebi.ac.uk/vol1/fastq/ERR187/001/ERR1873271/ERR1873271_2.fastq.gz	ftp.sra.ebi.ac.uk/vol1/run/ERR187/ERR1873271/S092.1.fq.gz;ftp.sra.ebi.ac.uk/vol1/run/ERR187/ERR1873271/S092.2.fq.gz	
PRJEB19856	SAMEA103892616	ERX1933797	ERR1873272	410658	soil metagenome	ftp.sra.ebi.ac.uk/vol1/fastq/ERR187/002/ERR1873272/ERR1873272_1.fastq.gz;ftp.sra.ebi.ac.uk/vol1/fastq/ERR187/002/ERR1873272/ERR1873272_2.fastq.gz	ftp.sra.ebi.ac.uk/vol1/run/ERR187/ERR1873272/S094.1.fq.gz;ftp.sra.ebi.ac.uk/vol1/run/ERR187/ERR1873272/S094.2.fq.gz	
PRJEB19856	SAMEA103892617	ERX1933798	ERR1873273	410658	soil metagenome	ftp.sra.ebi.ac.uk/vol1/fastq/ERR187/003/ERR1873273/ERR1873273_1.fastq.gz;ftp.sra.ebi.ac.uk/vol1/fastq/ERR187/003/ERR1873273/ERR1873273_2.fastq.gz	ftp.sra.ebi.ac.uk/vol1/run/ERR187/ERR1873273/S096.1.fq.gz;ftp.sra.ebi.ac.uk/vol1/run/ERR187/ERR1873273/S096.2.fq.gz	
PRJEB19856	SAMEA103892618	ERX1933799	ERR1873274	410658	soil metagenome	ftp.sra.ebi.ac.uk/vol1/fastq/ERR187/004/ERR1873274/ERR1873274_1.fastq.gz;ftp.sra.ebi.ac.uk/vol1/fastq/ERR187/004/ERR1873274/ERR1873274_2.fastq.gz	ftp.sra.ebi.ac.uk/vol1/run/ERR187/ERR1873274/S097.1.fq.gz;ftp.sra.ebi.ac.uk/vol1/run/ERR187/ERR1873274/S097.2.fq.gz	
PRJEB19856	SAMEA103892619	ERX1933800	ERR1873275	410658	soil metagenome	ftp.sra.ebi.ac.uk/vol1/fastq/ERR187/005/ERR1873275/ERR1873275_1.fastq.gz;ftp.sra.ebi.ac.uk/vol1/fastq/ERR187/005/ERR1873275/ERR1873275_2.fastq.gz	ftp.sra.ebi.ac.uk/vol1/run/ERR187/ERR1873275/S098.1.fq.gz;ftp.sra.ebi.ac.uk/vol1/run/ERR187/ERR1873275/S098.2.fq.gz	
PRJEB19856	SAMEA103892512	ERX1933801	ERR1873276	410658	soil metagenome	ftp.sra.ebi.ac.uk/vol1/fastq/ERR187/006/ERR1873276/ERR1873276_1.fastq.gz;ftp.sra.ebi.ac.uk/vol1/fastq/ERR187/006/ERR1873276/ERR1873276_2.fastq.gz	ftp.sra.ebi.ac.uk/vol1/run/ERR187/ERR1873276/S103.1.fq.gz;ftp.sra.ebi.ac.uk/vol1/run/ERR187/ERR1873276/S103.2.fq.gz	
PRJEB19856	SAMEA103892513	ERX1933802	ERR1873277	410658	soil metagenome	ftp.sra.ebi.ac.uk/vol1/fastq/ERR187/007/ERR1873277/ERR1873277_1.fastq.gz;ftp.sra.ebi.ac.uk/vol1/fastq/ERR187/007/ERR1873277/ERR1873277_2.fastq.gz	ftp.sra.ebi.ac.uk/vol1/run/ERR187/ERR1873277/S107.1.fq.gz;ftp.sra.ebi.ac.uk/vol1/run/ERR187/ERR1873277/S107.2.fq.gz	
PRJEB19856	SAMEA103892514	ERX1933803	ERR1873278	410658	soil metagenome	ftp.sra.ebi.ac.uk/vol1/fastq/ERR187/008/ERR1873278/ERR1873278_1.fastq.gz;ftp.sra.ebi.ac.uk/vol1/fastq/ERR187/008/ERR1873278/ERR1873278_2.fastq.gz	ftp.sra.ebi.ac.uk/vol1/run/ERR187/ERR1873278/S108.1.fq.gz;ftp.sra.ebi.ac.uk/vol1/run/ERR187/ERR1873278/S108.2.fq.gz	
PRJEB19856	SAMEA103892516	ERX1933804	ERR1873279	410658	soil metagenome	ftp.sra.ebi.ac.uk/vol1/fastq/ERR187/009/ERR1873279/ERR1873279_1.fastq.gz;ftp.sra.ebi.ac.uk/vol1/fastq/ERR187/009/ERR1873279/ERR1873279_2.fastq.gz	ftp.sra.ebi.ac.uk/vol1/run/ERR187/ERR1873279/S110.1.fq.gz;ftp.sra.ebi.ac.uk/vol1/run/ERR187/ERR1873279/S110.2.fq.gz	
PRJEB19856	SAMEA103892518	ERX1933805	ERR1873280	410658	soil metagenome	ftp.sra.ebi.ac.uk/vol1/fastq/ERR187/000/ERR1873280/ERR1873280_1.fastq.gz;ftp.sra.ebi.ac.uk/vol1/fastq/ERR187/000/ERR1873280/ERR1873280_2.fastq.gz	ftp.sra.ebi.ac.uk/vol1/run/ERR187/ERR1873280/S111.1.fq.gz;ftp.sra.ebi.ac.uk/vol1/run/ERR187/ERR1873280/S111.2.fq.gz	
PRJEB19856	SAMEA103892520	ERX1933806	ERR1873281	410658	soil metagenome	ftp.sra.ebi.ac.uk/vol1/fastq/ERR187/001/ERR1873281/ERR1873281_1.fastq.gz;ftp.sra.ebi.ac.uk/vol1/fastq/ERR187/001/ERR1873281/ERR1873281_2.fastq.gz	ftp.sra.ebi.ac.uk/vol1/run/ERR187/ERR1873281/S120.1.fq.gz;ftp.sra.ebi.ac.uk/vol1/run/ERR187/ERR1873281/S120.2.fq.gz	
PRJEB19856	SAMEA103892521	ERX1933807	ERR1873282	410658	soil metagenome	ftp.sra.ebi.ac.uk/vol1/fastq/ERR187/002/ERR1873282/ERR1873282_1.fastq.gz;ftp.sra.ebi.ac.uk/vol1/fastq/ERR187/002/ERR1873282/ERR1873282_2.fastq.gz	ftp.sra.ebi.ac.uk/vol1/run/ERR187/ERR1873282/S121.1.fq.gz;ftp.sra.ebi.ac.uk/vol1/run/ERR187/ERR1873282/S121.2.fq.gz	
PRJEB19856	SAMEA103892523	ERX1933808	ERR1873283	410658	soil metagenome	ftp.sra.ebi.ac.uk/vol1/fastq/ERR187/003/ERR1873283/ERR1873283_1.fastq.gz;ftp.sra.ebi.ac.uk/vol1/fastq/ERR187/003/ERR1873283/ERR1873283_2.fastq.gz	ftp.sra.ebi.ac.uk/vol1/run/ERR187/ERR1873283/S125.1.fq.gz;ftp.sra.ebi.ac.uk/vol1/run/ERR187/ERR1873283/S125.2.fq.gz	
PRJEB19856	SAMEA103892524	ERX1933809	ERR1873284	410658	soil metagenome	ftp.sra.ebi.ac.uk/vol1/fastq/ERR187/004/ERR1873284/ERR1873284_1.fastq.gz;ftp.sra.ebi.ac.uk/vol1/fastq/ERR187/004/ERR1873284/ERR1873284_2.fastq.gz	ftp.sra.ebi.ac.uk/vol1/run/ERR187/ERR1873284/S128.1.fq.gz;ftp.sra.ebi.ac.uk/vol1/run/ERR187/ERR1873284/S128.2.fq.gz	
PRJEB19856	SAMEA103892525	ERX1933810	ERR1873285	410658	soil metagenome	ftp.sra.ebi.ac.uk/vol1/fastq/ERR187/005/ERR1873285/ERR1873285_1.fastq.gz;ftp.sra.ebi.ac.uk/vol1/fastq/ERR187/005/ERR1873285/ERR1873285_2.fastq.gz	ftp.sra.ebi.ac.uk/vol1/run/ERR187/ERR1873285/S129.1.fq.gz;ftp.sra.ebi.ac.uk/vol1/run/ERR187/ERR1873285/S129.2.fq.gz	
PRJEB19856	SAMEA103892527	ERX1933811	ERR1873286	410658	soil metagenome	ftp.sra.ebi.ac.uk/vol1/fastq/ERR187/006/ERR1873286/ERR1873286_1.fastq.gz;ftp.sra.ebi.ac.uk/vol1/fastq/ERR187/006/ERR1873286/ERR1873286_2.fastq.gz	ftp.sra.ebi.ac.uk/vol1/run/ERR187/ERR1873286/S131.1.fq.gz;ftp.sra.ebi.ac.uk/vol1/run/ERR187/ERR1873286/S131.2.fq.gz	
PRJEB19856	SAMEA103892528	ERX1933812	ERR1873287	410658	soil metagenome	ftp.sra.ebi.ac.uk/vol1/fastq/ERR187/007/ERR1873287/ERR1873287_1.fastq.gz;ftp.sra.ebi.ac.uk/vol1/fastq/ERR187/007/ERR1873287/ERR1873287_2.fastq.gz	ftp.sra.ebi.ac.uk/vol1/run/ERR187/ERR1873287/S137.1.fq.gz;ftp.sra.ebi.ac.uk/vol1/run/ERR187/ERR1873287/S137.2.fq.gz	
PRJEB19856	SAMEA103892529	ERX1933813	ERR1873288	410658	soil metagenome	ftp.sra.ebi.ac.uk/vol1/fastq/ERR187/008/ERR1873288/ERR1873288_1.fastq.gz;ftp.sra.ebi.ac.uk/vol1/fastq/ERR187/008/ERR1873288/ERR1873288_2.fastq.gz	ftp.sra.ebi.ac.uk/vol1/run/ERR187/ERR1873288/S139.1.fq.gz;ftp.sra.ebi.ac.uk/vol1/run/ERR187/ERR1873288/S139.2.fq.gz	
PRJEB19856	SAMEA103892530	ERX1933814	ERR1873289	410658	soil metagenome	ftp.sra.ebi.ac.uk/vol1/fastq/ERR187/009/ERR1873289/ERR1873289_1.fastq.gz;ftp.sra.ebi.ac.uk/vol1/fastq/ERR187/009/ERR1873289/ERR1873289_2.fastq.gz	ftp.sra.ebi.ac.uk/vol1/run/ERR187/ERR1873289/S140.1.fq.gz;ftp.sra.ebi.ac.uk/vol1/run/ERR187/ERR1873289/S140.2.fq.gz	
PRJEB19856	SAMEA103892532	ERX1933815	ERR1873290	410658	soil metagenome	ftp.sra.ebi.ac.uk/vol1/fastq/ERR187/000/ERR1873290/ERR1873290_1.fastq.gz;ftp.sra.ebi.ac.uk/vol1/fastq/ERR187/000/ERR1873290/ERR1873290_2.fastq.gz	ftp.sra.ebi.ac.uk/vol1/run/ERR187/ERR1873290/S142.1.fq.gz;ftp.sra.ebi.ac.uk/vol1/run/ERR187/ERR1873290/S142.2.fq.gz	
PRJEB19856	SAMEA103892533	ERX1933816	ERR1873291	410658	soil metagenome	ftp.sra.ebi.ac.uk/vol1/fastq/ERR187/001/ERR1873291/ERR1873291_1.fastq.gz;ftp.sra.ebi.ac.uk/vol1/fastq/ERR187/001/ERR1873291/ERR1873291_2.fastq.gz	ftp.sra.ebi.ac.uk/vol1/run/ERR187/ERR1873291/S143.1.fq.gz;ftp.sra.ebi.ac.uk/vol1/run/ERR187/ERR1873291/S143.2.fq.gz	
PRJEB19856	SAMEA103892534	ERX1933817	ERR1873292	410658	soil metagenome	ftp.sra.ebi.ac.uk/vol1/fastq/ERR187/002/ERR1873292/ERR1873292_1.fastq.gz;ftp.sra.ebi.ac.uk/vol1/fastq/ERR187/002/ERR1873292/ERR1873292_2.fastq.gz	ftp.sra.ebi.ac.uk/vol1/run/ERR187/ERR1873292/S148.1.fq.gz;ftp.sra.ebi.ac.uk/vol1/run/ERR187/ERR1873292/S148.2.fq.gz	
PRJEB19856	SAMEA103892535	ERX1933818	ERR1873293	410658	soil metagenome	ftp.sra.ebi.ac.uk/vol1/fastq/ERR187/003/ERR1873293/ERR1873293_1.fastq.gz;ftp.sra.ebi.ac.uk/vol1/fastq/ERR187/003/ERR1873293/ERR1873293_2.fastq.gz	ftp.sra.ebi.ac.uk/vol1/run/ERR187/ERR1873293/S149.1.fq.gz;ftp.sra.ebi.ac.uk/vol1/run/ERR187/ERR1873293/S149.2.fq.gz	
PRJEB19856	SAMEA103892536	ERX1933819	ERR1873294	410658	soil metagenome	ftp.sra.ebi.ac.uk/vol1/fastq/ERR187/004/ERR1873294/ERR1873294_1.fastq.gz;ftp.sra.ebi.ac.uk/vol1/fastq/ERR187/004/ERR1873294/ERR1873294_2.fastq.gz	ftp.sra.ebi.ac.uk/vol1/run/ERR187/ERR1873294/S150.1.fq.gz;ftp.sra.ebi.ac.uk/vol1/run/ERR187/ERR1873294/S150.2.fq.gz	
PRJEB19856	SAMEA103892537	ERX1933820	ERR1873295	410658	soil metagenome	ftp.sra.ebi.ac.uk/vol1/fastq/ERR187/005/ERR1873295/ERR1873295_1.fastq.gz;ftp.sra.ebi.ac.uk/vol1/fastq/ERR187/005/ERR1873295/ERR1873295_2.fastq.gz	ftp.sra.ebi.ac.uk/vol1/run/ERR187/ERR1873295/S159.1.fq.gz;ftp.sra.ebi.ac.uk/vol1/run/ERR187/ERR1873295/S159.2.fq.gz	
PRJEB19856	SAMEA103892538	ERX1933821	ERR1873296	410658	soil metagenome	ftp.sra.ebi.ac.uk/vol1/fastq/ERR187/006/ERR1873296/ERR1873296_1.fastq.gz;ftp.sra.ebi.ac.uk/vol1/fastq/ERR187/006/ERR1873296/ERR1873296_2.fastq.gz	ftp.sra.ebi.ac.uk/vol1/run/ERR187/ERR1873296/S162.1.fq.gz;ftp.sra.ebi.ac.uk/vol1/run/ERR187/ERR1873296/S162.2.fq.gz	
PRJEB19856	SAMEA103892539	ERX1933822	ERR1873297	410658	soil metagenome	ftp.sra.ebi.ac.uk/vol1/fastq/ERR187/007/ERR1873297/ERR1873297_1.fastq.gz;ftp.sra.ebi.ac.uk/vol1/fastq/ERR187/007/ERR1873297/ERR1873297_2.fastq.gz	ftp.sra.ebi.ac.uk/vol1/run/ERR187/ERR1873297/S165.1.fq.gz;ftp.sra.ebi.ac.uk/vol1/run/ERR187/ERR1873297/S165.2.fq.gz	
PRJEB19856	SAMEA103892540	ERX1933823	ERR1873298	410658	soil metagenome	ftp.sra.ebi.ac.uk/vol1/fastq/ERR187/008/ERR1873298/ERR1873298_1.fastq.gz;ftp.sra.ebi.ac.uk/vol1/fastq/ERR187/008/ERR1873298/ERR1873298_2.fastq.gz	ftp.sra.ebi.ac.uk/vol1/run/ERR187/ERR1873298/S168.1.fq.gz;ftp.sra.ebi.ac.uk/vol1/run/ERR187/ERR1873298/S168.2.fq.gz	
PRJEB19856	SAMEA103892541	ERX1933824	ERR1873299	410658	soil metagenome	ftp.sra.ebi.ac.uk/vol1/fastq/ERR187/009/ERR1873299/ERR1873299_1.fastq.gz;ftp.sra.ebi.ac.uk/vol1/fastq/ERR187/009/ERR1873299/ERR1873299_2.fastq.gz	ftp.sra.ebi.ac.uk/vol1/run/ERR187/ERR1873299/S169.1.fq.gz;ftp.sra.ebi.ac.uk/vol1/run/ERR187/ERR1873299/S169.2.fq.gz	
PRJEB19856	SAMEA103892542	ERX1933825	ERR1873300	410658	soil metagenome	ftp.sra.ebi.ac.uk/vol1/fastq/ERR187/000/ERR1873300/ERR1873300_1.fastq.gz;ftp.sra.ebi.ac.uk/vol1/fastq/ERR187/000/ERR1873300/ERR1873300_2.fastq.gz	ftp.sra.ebi.ac.uk/vol1/run/ERR187/ERR1873300/S171.1.fq.gz;ftp.sra.ebi.ac.uk/vol1/run/ERR187/ERR1873300/S171.2.fq.gz	
PRJEB19856	SAMEA103892543	ERX1933826	ERR1873301	410658	soil metagenome	ftp.sra.ebi.ac.uk/vol1/fastq/ERR187/001/ERR1873301/ERR1873301_1.fastq.gz;ftp.sra.ebi.ac.uk/vol1/fastq/ERR187/001/ERR1873301/ERR1873301_2.fastq.gz	ftp.sra.ebi.ac.uk/vol1/run/ERR187/ERR1873301/S174.1.fq.gz;ftp.sra.ebi.ac.uk/vol1/run/ERR187/ERR1873301/S174.2.fq.gz	
PRJEB19856	SAMEA103892544	ERX1933827	ERR1873302	410658	soil metagenome	ftp.sra.ebi.ac.uk/vol1/fastq/ERR187/002/ERR1873302/ERR1873302_1.fastq.gz;ftp.sra.ebi.ac.uk/vol1/fastq/ERR187/002/ERR1873302/ERR1873302_2.fastq.gz	ftp.sra.ebi.ac.uk/vol1/run/ERR187/ERR1873302/S177.1.fq.gz;ftp.sra.ebi.ac.uk/vol1/run/ERR187/ERR1873302/S177.2.fq.gz	
PRJEB19856	SAMEA103892546	ERX1933828	ERR1873303	410658	soil metagenome	ftp.sra.ebi.ac.uk/vol1/fastq/ERR187/003/ERR1873303/ERR1873303_1.fastq.gz;ftp.sra.ebi.ac.uk/vol1/fastq/ERR187/003/ERR1873303/ERR1873303_2.fastq.gz	ftp.sra.ebi.ac.uk/vol1/run/ERR187/ERR1873303/S181.1.fq.gz;ftp.sra.ebi.ac.uk/vol1/run/ERR187/ERR1873303/S181.2.fq.gz	
PRJEB19856	SAMEA103892547	ERX1933829	ERR1873304	410658	soil metagenome	ftp.sra.ebi.ac.uk/vol1/fastq/ERR187/004/ERR1873304/ERR1873304_1.fastq.gz;ftp.sra.ebi.ac.uk/vol1/fastq/ERR187/004/ERR1873304/ERR1873304_2.fastq.gz	ftp.sra.ebi.ac.uk/vol1/run/ERR187/ERR1873304/S186.1.fq.gz;ftp.sra.ebi.ac.uk/vol1/run/ERR187/ERR1873304/S186.2.fq.gz	
PRJEB19856	SAMEA103892548	ERX1933830	ERR1873305	410658	soil metagenome	ftp.sra.ebi.ac.uk/vol1/fastq/ERR187/005/ERR1873305/ERR1873305_1.fastq.gz;ftp.sra.ebi.ac.uk/vol1/fastq/ERR187/005/ERR1873305/ERR1873305_2.fastq.gz	ftp.sra.ebi.ac.uk/vol1/run/ERR187/ERR1873305/S187.1.fq.gz;ftp.sra.ebi.ac.uk/vol1/run/ERR187/ERR1873305/S187.2.fq.gz	
PRJEB19856	SAMEA103892549	ERX1933831	ERR1873306	410658	soil metagenome	ftp.sra.ebi.ac.uk/vol1/fastq/ERR187/006/ERR1873306/ERR1873306_1.fastq.gz;ftp.sra.ebi.ac.uk/vol1/fastq/ERR187/006/ERR1873306/ERR1873306_2.fastq.gz	ftp.sra.ebi.ac.uk/vol1/run/ERR187/ERR1873306/S188.1.fq.gz;ftp.sra.ebi.ac.uk/vol1/run/ERR187/ERR1873306/S188.2.fq.gz	
PRJEB19856	SAMEA103892550	ERX1933832	ERR1873307	410658	soil metagenome	ftp.sra.ebi.ac.uk/vol1/fastq/ERR187/007/ERR1873307/ERR1873307_1.fastq.gz;ftp.sra.ebi.ac.uk/vol1/fastq/ERR187/007/ERR1873307/ERR1873307_2.fastq.gz	ftp.sra.ebi.ac.uk/vol1/run/ERR187/ERR1873307/S190.1.fq.gz;ftp.sra.ebi.ac.uk/vol1/run/ERR187/ERR1873307/S190.2.fq.gz	
PRJEB19856	SAMEA103892551	ERX1933833	ERR1873308	410658	soil metagenome	ftp.sra.ebi.ac.uk/vol1/fastq/ERR187/008/ERR1873308/ERR1873308_1.fastq.gz;ftp.sra.ebi.ac.uk/vol1/fastq/ERR187/008/ERR1873308/ERR1873308_2.fastq.gz	ftp.sra.ebi.ac.uk/vol1/run/ERR187/ERR1873308/S193.1.fq.gz;ftp.sra.ebi.ac.uk/vol1/run/ERR187/ERR1873308/S193.2.fq.gz	
PRJEB19856	SAMEA103892552	ERX1933834	ERR1873309	410658	soil metagenome	ftp.sra.ebi.ac.uk/vol1/fastq/ERR187/009/ERR1873309/ERR1873309_1.fastq.gz;ftp.sra.ebi.ac.uk/vol1/fastq/ERR187/009/ERR1873309/ERR1873309_2.fastq.gz	ftp.sra.ebi.ac.uk/vol1/run/ERR187/ERR1873309/S194.1.fq.gz;ftp.sra.ebi.ac.uk/vol1/run/ERR187/ERR1873309/S194.2.fq.gz	
PRJEB19856	SAMEA103892554	ERX1933835	ERR1873310	410658	soil metagenome	ftp.sra.ebi.ac.uk/vol1/fastq/ERR187/000/ERR1873310/ERR1873310_1.fastq.gz;ftp.sra.ebi.ac.uk/vol1/fastq/ERR187/000/ERR1873310/ERR1873310_2.fastq.gz	ftp.sra.ebi.ac.uk/vol1/run/ERR187/ERR1873310/S196.1.fq.gz;ftp.sra.ebi.ac.uk/vol1/run/ERR187/ERR1873310/S196.2.fq.gz	
PRJEB19856	SAMEA103892555	ERX1933836	ERR1873311	410658	soil metagenome	ftp.sra.ebi.ac.uk/vol1/fastq/ERR187/001/ERR1873311/ERR1873311_1.fastq.gz;ftp.sra.ebi.ac.uk/vol1/fastq/ERR187/001/ERR1873311/ERR1873311_2.fastq.gz	ftp.sra.ebi.ac.uk/vol1/run/ERR187/ERR1873311/S197.1.fq.gz;ftp.sra.ebi.ac.uk/vol1/run/ERR187/ERR1873311/S197.2.fq.gz	
PRJEB19856	SAMEA103892556	ERX1933837	ERR1873312	410658	soil metagenome	ftp.sra.ebi.ac.uk/vol1/fastq/ERR187/002/ERR1873312/ERR1873312_1.fastq.gz;ftp.sra.ebi.ac.uk/vol1/fastq/ERR187/002/ERR1873312/ERR1873312_2.fastq.gz	ftp.sra.ebi.ac.uk/vol1/run/ERR187/ERR1873312/S199.1.fq.gz;ftp.sra.ebi.ac.uk/vol1/run/ERR187/ERR1873312/S199.2.fq.gz	
PRJEB19856	SAMEA103892557	ERX1933838	ERR1873313	410658	soil metagenome	ftp.sra.ebi.ac.uk/vol1/fastq/ERR187/003/ERR1873313/ERR1873313_1.fastq.gz;ftp.sra.ebi.ac.uk/vol1/fastq/ERR187/003/ERR1873313/ERR1873313_2.fastq.gz	ftp.sra.ebi.ac.uk/vol1/run/ERR187/ERR1873313/S203.1.fq.gz;ftp.sra.ebi.ac.uk/vol1/run/ERR187/ERR1873313/S203.2.fq.gz	
PRJEB19856	SAMEA103892558	ERX1933839	ERR1873314	410658	soil metagenome	ftp.sra.ebi.ac.uk/vol1/fastq/ERR187/004/ERR1873314/ERR1873314_1.fastq.gz;ftp.sra.ebi.ac.uk/vol1/fastq/ERR187/004/ERR1873314/ERR1873314_2.fastq.gz	ftp.sra.ebi.ac.uk/vol1/run/ERR187/ERR1873314/S204.1.fq.gz;ftp.sra.ebi.ac.uk/vol1/run/ERR187/ERR1873314/S204.2.fq.gz	
PRJEB19856	SAMEA103892559	ERX1933840	ERR1873315	410658	soil metagenome	ftp.sra.ebi.ac.uk/vol1/fastq/ERR187/005/ERR1873315/ERR1873315_1.fastq.gz;ftp.sra.ebi.ac.uk/vol1/fastq/ERR187/005/ERR1873315/ERR1873315_2.fastq.gz	ftp.sra.ebi.ac.uk/vol1/run/ERR187/ERR1873315/S208.1.fq.gz;ftp.sra.ebi.ac.uk/vol1/run/ERR187/ERR1873315/S208.2.fq.gz	
PRJEB19856	SAMEA103892561	ERX1933841	ERR1873316	410658	soil metagenome	ftp.sra.ebi.ac.uk/vol1/fastq/ERR187/006/ERR1873316/ERR1873316_1.fastq.gz;ftp.sra.ebi.ac.uk/vol1/fastq/ERR187/006/ERR1873316/ERR1873316_2.fastq.gz	ftp.sra.ebi.ac.uk/vol1/run/ERR187/ERR1873316/S211.1.fq.gz;ftp.sra.ebi.ac.uk/vol1/run/ERR187/ERR1873316/S211.2.fq.gz	
PRJEB19856	SAMEA103892562	ERX1933842	ERR1873317	410658	soil metagenome	ftp.sra.ebi.ac.uk/vol1/fastq/ERR187/007/ERR1873317/ERR1873317_1.fastq.gz;ftp.sra.ebi.ac.uk/vol1/fastq/ERR187/007/ERR1873317/ERR1873317_2.fastq.gz	ftp.sra.ebi.ac.uk/vol1/run/ERR187/ERR1873317/S212.1.fq.gz;ftp.sra.ebi.ac.uk/vol1/run/ERR187/ERR1873317/S212.2.fq.gz	
PRJEB19856	SAMEA103892563	ERX1933843	ERR1873318	410658	soil metagenome	ftp.sra.ebi.ac.uk/vol1/fastq/ERR187/008/ERR1873318/ERR1873318_1.fastq.gz;ftp.sra.ebi.ac.uk/vol1/fastq/ERR187/008/ERR1873318/ERR1873318_2.fastq.gz	ftp.sra.ebi.ac.uk/vol1/run/ERR187/ERR1873318/S214.1.fq.gz;ftp.sra.ebi.ac.uk/vol1/run/ERR187/ERR1873318/S214.2.fq.gz	
PRJEB19856	SAMEA103892566	ERX1933844	ERR1873319	410658	soil metagenome	ftp.sra.ebi.ac.uk/vol1/fastq/ERR187/009/ERR1873319/ERR1873319_1.fastq.gz;ftp.sra.ebi.ac.uk/vol1/fastq/ERR187/009/ERR1873319/ERR1873319_2.fastq.gz	ftp.sra.ebi.ac.uk/vol1/run/ERR187/ERR1873319/S223.1.fq.gz;ftp.sra.ebi.ac.uk/vol1/run/ERR187/ERR1873319/S223.2.fq.gz	
PRJEB19856	SAMEA103892567	ERX1933845	ERR1873320	410658	soil metagenome	ftp.sra.ebi.ac.uk/vol1/fastq/ERR187/000/ERR1873320/ERR1873320_1.fastq.gz;ftp.sra.ebi.ac.uk/vol1/fastq/ERR187/000/ERR1873320/ERR1873320_2.fastq.gz	ftp.sra.ebi.ac.uk/vol1/run/ERR187/ERR1873320/S231.1.fq.gz;ftp.sra.ebi.ac.uk/vol1/run/ERR187/ERR1873320/S231.2.fq.gz	
PRJEB19856	SAMEA103892568	ERX1933846	ERR1873321	410658	soil metagenome	ftp.sra.ebi.ac.uk/vol1/fastq/ERR187/001/ERR1873321/ERR1873321_1.fastq.gz;ftp.sra.ebi.ac.uk/vol1/fastq/ERR187/001/ERR1873321/ERR1873321_2.fastq.gz	ftp.sra.ebi.ac.uk/vol1/run/ERR187/ERR1873321/S234.1.fq.gz;ftp.sra.ebi.ac.uk/vol1/run/ERR187/ERR1873321/S234.2.fq.gz	
PRJEB19856	SAMEA103892570	ERX1933847	ERR1873322	410658	soil metagenome	ftp.sra.ebi.ac.uk/vol1/fastq/ERR187/002/ERR1873322/ERR1873322_1.fastq.gz;ftp.sra.ebi.ac.uk/vol1/fastq/ERR187/002/ERR1873322/ERR1873322_2.fastq.gz	ftp.sra.ebi.ac.uk/vol1/run/ERR187/ERR1873322/S236.1.fq.gz;ftp.sra.ebi.ac.uk/vol1/run/ERR187/ERR1873322/S236.2.fq.gz	
PRJEB19856	SAMEA103892571	ERX1933848	ERR1873323	410658	soil metagenome	ftp.sra.ebi.ac.uk/vol1/fastq/ERR187/003/ERR1873323/ERR1873323_1.fastq.gz;ftp.sra.ebi.ac.uk/vol1/fastq/ERR187/003/ERR1873323/ERR1873323_2.fastq.gz	ftp.sra.ebi.ac.uk/vol1/run/ERR187/ERR1873323/S238.1.fq.gz;ftp.sra.ebi.ac.uk/vol1/run/ERR187/ERR1873323/S238.2.fq.gz	
PRJEB19856	SAMEA103892573	ERX1933849	ERR1873324	410658	soil metagenome	ftp.sra.ebi.ac.uk/vol1/fastq/ERR187/004/ERR1873324/ERR1873324_1.fastq.gz;ftp.sra.ebi.ac.uk/vol1/fastq/ERR187/004/ERR1873324/ERR1873324_2.fastq.gz	ftp.sra.ebi.ac.uk/vol1/run/ERR187/ERR1873324/S243.1.fq.gz;ftp.sra.ebi.ac.uk/vol1/run/ERR187/ERR1873324/S243.2.fq.gz	
PRJEB19856	SAMEA103892574	ERX1933850	ERR1873325	410658	soil metagenome	ftp.sra.ebi.ac.uk/vol1/fastq/ERR187/005/ERR1873325/ERR1873325_1.fastq.gz;ftp.sra.ebi.ac.uk/vol1/fastq/ERR187/005/ERR1873325/ERR1873325_2.fastq.gz	ftp.sra.ebi.ac.uk/vol1/run/ERR187/ERR1873325/S247.1.fq.gz;ftp.sra.ebi.ac.uk/vol1/run/ERR187/ERR1873325/S247.2.fq.gz	
PRJEB19856	SAMEA103892576	ERX1933851	ERR1873326	410658	soil metagenome	ftp.sra.ebi.ac.uk/vol1/fastq/ERR187/006/ERR1873326/ERR1873326_1.fastq.gz;ftp.sra.ebi.ac.uk/vol1/fastq/ERR187/006/ERR1873326/ERR1873326_2.fastq.gz	ftp.sra.ebi.ac.uk/vol1/run/ERR187/ERR1873326/S249.1.fq.gz;ftp.sra.ebi.ac.uk/vol1/run/ERR187/ERR1873326/S249.2.fq.gz	
PRJEB19856	SAMEA103892577	ERX1933852	ERR1873327	410658	soil metagenome	ftp.sra.ebi.ac.uk/vol1/fastq/ERR187/007/ERR1873327/ERR1873327_1.fastq.gz;ftp.sra.ebi.ac.uk/vol1/fastq/ERR187/007/ERR1873327/ERR1873327_2.fastq.gz	ftp.sra.ebi.ac.uk/vol1/run/ERR187/ERR1873327/S251.1.fq.gz;ftp.sra.ebi.ac.uk/vol1/run/ERR187/ERR1873327/S251.2.fq.gz	
PRJEB19856	SAMEA103892578	ERX1933853	ERR1873328	410658	soil metagenome	ftp.sra.ebi.ac.uk/vol1/fastq/ERR187/008/ERR1873328/ERR1873328_1.fastq.gz;ftp.sra.ebi.ac.uk/vol1/fastq/ERR187/008/ERR1873328/ERR1873328_2.fastq.gz	ftp.sra.ebi.ac.uk/vol1/run/ERR187/ERR1873328/S252.1.fq.gz;ftp.sra.ebi.ac.uk/vol1/run/ERR187/ERR1873328/S252.2.fq.gz	
PRJEB19856	SAMEA103892579	ERX1933854	ERR1873329	410658	soil metagenome	ftp.sra.ebi.ac.uk/vol1/fastq/ERR187/009/ERR1873329/ERR1873329_1.fastq.gz;ftp.sra.ebi.ac.uk/vol1/fastq/ERR187/009/ERR1873329/ERR1873329_2.fastq.gz	ftp.sra.ebi.ac.uk/vol1/run/ERR187/ERR1873329/S258.1.fq.gz;ftp.sra.ebi.ac.uk/vol1/run/ERR187/ERR1873329/S258.2.fq.gz	
PRJEB19856	SAMEA103892580	ERX1933855	ERR1873330	410658	soil metagenome	ftp.sra.ebi.ac.uk/vol1/fastq/ERR187/000/ERR1873330/ERR1873330_1.fastq.gz;ftp.sra.ebi.ac.uk/vol1/fastq/ERR187/000/ERR1873330/ERR1873330_2.fastq.gz	ftp.sra.ebi.ac.uk/vol1/run/ERR187/ERR1873330/S260.1.fq.gz;ftp.sra.ebi.ac.uk/vol1/run/ERR187/ERR1873330/S260.2.fq.gz	
PRJEB19856	SAMEA103892581	ERX1933856	ERR1873331	410658	soil metagenome	ftp.sra.ebi.ac.uk/vol1/fastq/ERR187/001/ERR1873331/ERR1873331_1.fastq.gz;ftp.sra.ebi.ac.uk/vol1/fastq/ERR187/001/ERR1873331/ERR1873331_2.fastq.gz	ftp.sra.ebi.ac.uk/vol1/run/ERR187/ERR1873331/S261.1.fq.gz;ftp.sra.ebi.ac.uk/vol1/run/ERR187/ERR1873331/S261.2.fq.gz	
PRJEB19856	SAMEA103892582	ERX1933857	ERR1873332	410658	soil metagenome	ftp.sra.ebi.ac.uk/vol1/fastq/ERR187/002/ERR1873332/ERR1873332_1.fastq.gz;ftp.sra.ebi.ac.uk/vol1/fastq/ERR187/002/ERR1873332/ERR1873332_2.fastq.gz	ftp.sra.ebi.ac.uk/vol1/run/ERR187/ERR1873332/S262.1.fq.gz;ftp.sra.ebi.ac.uk/vol1/run/ERR187/ERR1873332/S262.2.fq.gz	
PRJEB19856	SAMEA103892584	ERX1933858	ERR1873333	410658	soil metagenome	ftp.sra.ebi.ac.uk/vol1/fastq/ERR187/003/ERR1873333/ERR1873333_1.fastq.gz;ftp.sra.ebi.ac.uk/vol1/fastq/ERR187/003/ERR1873333/ERR1873333_2.fastq.gz	ftp.sra.ebi.ac.uk/vol1/run/ERR187/ERR1873333/S268.1.fq.gz;ftp.sra.ebi.ac.uk/vol1/run/ERR187/ERR1873333/S268.2.fq.gz	
PRJEB19856	SAMEA103892585	ERX1933859	ERR1873334	410658	soil metagenome	ftp.sra.ebi.ac.uk/vol1/fastq/ERR187/004/ERR1873334/ERR1873334_1.fastq.gz;ftp.sra.ebi.ac.uk/vol1/fastq/ERR187/004/ERR1873334/ERR1873334_2.fastq.gz	ftp.sra.ebi.ac.uk/vol1/run/ERR187/ERR1873334/S269.1.fq.gz;ftp.sra.ebi.ac.uk/vol1/run/ERR187/ERR1873334/S269.2.fq.gz	
PRJEB19856	SAMEA103892627	ERX1933860	ERR1873335	410658	soil metagenome	ftp.sra.ebi.ac.uk/vol1/fastq/ERR187/005/ERR1873335/ERR1873335_1.fastq.gz;ftp.sra.ebi.ac.uk/vol1/fastq/ERR187/005/ERR1873335/ERR1873335_2.fastq.gz	ftp.sra.ebi.ac.uk/vol1/run/ERR187/ERR1873335/S011.1.fq.gz;ftp.sra.ebi.ac.uk/vol1/run/ERR187/ERR1873335/S011.2.fq.gz	
PRJEB19856	SAMEA103892628	ERX1933861	ERR1873336	410658	soil metagenome	ftp.sra.ebi.ac.uk/vol1/fastq/ERR187/006/ERR1873336/ERR1873336_1.fastq.gz;ftp.sra.ebi.ac.uk/vol1/fastq/ERR187/006/ERR1873336/ERR1873336_2.fastq.gz	ftp.sra.ebi.ac.uk/vol1/run/ERR187/ERR1873336/S317.1.fq.gz;ftp.sra.ebi.ac.uk/vol1/run/ERR187/ERR1873336/S317.2.fq.gz	
PRJEB19856	SAMEA103892629	ERX1933862	ERR1873337	410658	soil metagenome	ftp.sra.ebi.ac.uk/vol1/fastq/ERR187/007/ERR1873337/ERR1873337_1.fastq.gz;ftp.sra.ebi.ac.uk/vol1/fastq/ERR187/007/ERR1873337/ERR1873337_2.fastq.gz	ftp.sra.ebi.ac.uk/vol1/run/ERR187/ERR1873337/S321.1.fq.gz;ftp.sra.ebi.ac.uk/vol1/run/ERR187/ERR1873337/S321.2.fq.gz	
PRJEB19856	SAMEA103892630	ERX1933863	ERR1873338	410658	soil metagenome	ftp.sra.ebi.ac.uk/vol1/fastq/ERR187/008/ERR1873338/ERR1873338_1.fastq.gz;ftp.sra.ebi.ac.uk/vol1/fastq/ERR187/008/ERR1873338/ERR1873338_2.fastq.gz	ftp.sra.ebi.ac.uk/vol1/run/ERR187/ERR1873338/S357.1.fq.gz;ftp.sra.ebi.ac.uk/vol1/run/ERR187/ERR1873338/S357.2.fq.gz	
PRJEB19856	SAMEA103892631	ERX1933864	ERR1873339	410658	soil metagenome	ftp.sra.ebi.ac.uk/vol1/fastq/ERR187/009/ERR1873339/ERR1873339_1.fastq.gz;ftp.sra.ebi.ac.uk/vol1/fastq/ERR187/009/ERR1873339/ERR1873339_2.fastq.gz	ftp.sra.ebi.ac.uk/vol1/run/ERR187/ERR1873339/S359.1.fq.gz;ftp.sra.ebi.ac.uk/vol1/run/ERR187/ERR1873339/S359.2.fq.gz	
PRJEB19856	SAMEA103892632	ERX1933865	ERR1873340	410658	soil metagenome	ftp.sra.ebi.ac.uk/vol1/fastq/ERR187/000/ERR1873340/ERR1873340_1.fastq.gz;ftp.sra.ebi.ac.uk/vol1/fastq/ERR187/000/ERR1873340/ERR1873340_2.fastq.gz	ftp.sra.ebi.ac.uk/vol1/run/ERR187/ERR1873340/S384.1.fq.gz;ftp.sra.ebi.ac.uk/vol1/run/ERR187/ERR1873340/S384.2.fq.gz	
PRJEB19856	SAMEA103892633	ERX1933866	ERR1873341	410658	soil metagenome	ftp.sra.ebi.ac.uk/vol1/fastq/ERR187/001/ERR1873341/ERR1873341_1.fastq.gz;ftp.sra.ebi.ac.uk/vol1/fastq/ERR187/001/ERR1873341/ERR1873341_2.fastq.gz	ftp.sra.ebi.ac.uk/vol1/run/ERR187/ERR1873341/S392.1.fq.gz;ftp.sra.ebi.ac.uk/vol1/run/ERR187/ERR1873341/S392.2.fq.gz	
PRJEB19856	SAMEA103892634	ERX1933867	ERR1873342	410658	soil metagenome	ftp.sra.ebi.ac.uk/vol1/fastq/ERR187/002/ERR1873342/ERR1873342_1.fastq.gz;ftp.sra.ebi.ac.uk/vol1/fastq/ERR187/002/ERR1873342/ERR1873342_2.fastq.gz	ftp.sra.ebi.ac.uk/vol1/run/ERR187/ERR1873342/S400.1.fq.gz;ftp.sra.ebi.ac.uk/vol1/run/ERR187/ERR1873342/S400.2.fq.gz	
PRJEB19856	SAMEA103892635	ERX1933868	ERR1873343	410658	soil metagenome	ftp.sra.ebi.ac.uk/vol1/fastq/ERR187/003/ERR1873343/ERR1873343_1.fastq.gz;ftp.sra.ebi.ac.uk/vol1/fastq/ERR187/003/ERR1873343/ERR1873343_2.fastq.gz	ftp.sra.ebi.ac.uk/vol1/run/ERR187/ERR1873343/S415.1.fq.gz;ftp.sra.ebi.ac.uk/vol1/run/ERR187/ERR1873343/S415.2.fq.gz	
PRJEB19856	SAMEA103892479	ERX1933869	ERR1873344	410658	soil metagenome	ftp.sra.ebi.ac.uk/vol1/fastq/ERR187/004/ERR1873344/ERR1873344_1.fastq.gz;ftp.sra.ebi.ac.uk/vol1/fastq/ERR187/004/ERR1873344/ERR1873344_2.fastq.gz	ftp.sra.ebi.ac.uk/vol1/run/ERR187/ERR1873344/G2788.1.fq.gz;ftp.sra.ebi.ac.uk/vol1/run/ERR187/ERR1873344/G2788.2.fq.gz	
PRJEB19856	SAMEA103892491	ERX1933870	ERR1873345	410658	soil metagenome	ftp.sra.ebi.ac.uk/vol1/fastq/ERR187/005/ERR1873345/ERR1873345_1.fastq.gz;ftp.sra.ebi.ac.uk/vol1/fastq/ERR187/005/ERR1873345/ERR1873345_2.fastq.gz	ftp.sra.ebi.ac.uk/vol1/run/ERR187/ERR1873345/G2819.1.fq.gz;ftp.sra.ebi.ac.uk/vol1/run/ERR187/ERR1873345/G2819.2.fq.gz	
PRJEB19856	SAMEA103892480	ERX1933871	ERR1873346	410658	soil metagenome	ftp.sra.ebi.ac.uk/vol1/fastq/ERR187/006/ERR1873346/ERR1873346_1.fastq.gz;ftp.sra.ebi.ac.uk/vol1/fastq/ERR187/006/ERR1873346/ERR1873346_2.fastq.gz	ftp.sra.ebi.ac.uk/vol1/run/ERR187/ERR1873346/G2829.1.fq.gz;ftp.sra.ebi.ac.uk/vol1/run/ERR187/ERR1873346/G2829.2.fq.gz	
PRJEB19856	SAMEA103892481	ERX1933872	ERR1873347	410658	soil metagenome	ftp.sra.ebi.ac.uk/vol1/fastq/ERR187/007/ERR1873347/ERR1873347_1.fastq.gz;ftp.sra.ebi.ac.uk/vol1/fastq/ERR187/007/ERR1873347/ERR1873347_2.fastq.gz	ftp.sra.ebi.ac.uk/vol1/run/ERR187/ERR1873347/G2830.1.fq.gz;ftp.sra.ebi.ac.uk/vol1/run/ERR187/ERR1873347/G2830.2.fq.gz	
PRJEB19856	SAMEA103892482	ERX1933873	ERR1873348	410658	soil metagenome	ftp.sra.ebi.ac.uk/vol1/fastq/ERR187/008/ERR1873348/ERR1873348_1.fastq.gz;ftp.sra.ebi.ac.uk/vol1/fastq/ERR187/008/ERR1873348/ERR1873348_2.fastq.gz	ftp.sra.ebi.ac.uk/vol1/run/ERR187/ERR1873348/G2831.1.fq.gz;ftp.sra.ebi.ac.uk/vol1/run/ERR187/ERR1873348/G2831.2.fq.gz	
PRJEB19856	SAMEA103892489	ERX1933874	ERR1873349	410658	soil metagenome	ftp.sra.ebi.ac.uk/vol1/fastq/ERR187/009/ERR1873349/ERR1873349_1.fastq.gz;ftp.sra.ebi.ac.uk/vol1/fastq/ERR187/009/ERR1873349/ERR1873349_2.fastq.gz	ftp.sra.ebi.ac.uk/vol1/run/ERR187/ERR1873349/G2847.1.fq.gz;ftp.sra.ebi.ac.uk/vol1/run/ERR187/ERR1873349/G2847.2.fq.gz	
PRJEB19856	SAMEA103893302	ERX1933875	ERR1873350	410658	soil metagenome	ftp.sra.ebi.ac.uk/vol1/fastq/ERR187/000/ERR1873350/ERR1873350_1.fastq.gz;ftp.sra.ebi.ac.uk/vol1/fastq/ERR187/000/ERR1873350/ERR1873350_2.fastq.gz	ftp.sra.ebi.ac.uk/vol1/run/ERR187/ERR1873350/G3492.1.fq.gz;ftp.sra.ebi.ac.uk/vol1/run/ERR187/ERR1873350/G3492.2.fq.gz	
PRJEB19856	SAMEA103892622	ERX1933876	ERR1873351	410658	soil metagenome	ftp.sra.ebi.ac.uk/vol1/fastq/ERR187/001/ERR1873351/ERR1873351_1.fastq.gz;ftp.sra.ebi.ac.uk/vol1/fastq/ERR187/001/ERR1873351/ERR1873351_2.fastq.gz	ftp.sra.ebi.ac.uk/vol1/run/ERR187/ERR1873351/G3498.1.fq.gz;ftp.sra.ebi.ac.uk/vol1/run/ERR187/ERR1873351/G3498.2.fq.gz	
PRJEB19856	SAMEA103892623	ERX1933877	ERR1873352	410658	soil metagenome	ftp.sra.ebi.ac.uk/vol1/fastq/ERR187/002/ERR1873352/ERR1873352_1.fastq.gz;ftp.sra.ebi.ac.uk/vol1/fastq/ERR187/002/ERR1873352/ERR1873352_2.fastq.gz	ftp.sra.ebi.ac.uk/vol1/run/ERR187/ERR1873352/G3517.1.fq.gz;ftp.sra.ebi.ac.uk/vol1/run/ERR187/ERR1873352/G3517.2.fq.gz	
PRJEB19856	SAMEA103892624	ERX1933878	ERR1873353	410658	soil metagenome	ftp.sra.ebi.ac.uk/vol1/fastq/ERR187/003/ERR1873353/ERR1873353_1.fastq.gz;ftp.sra.ebi.ac.uk/vol1/fastq/ERR187/003/ERR1873353/ERR1873353_2.fastq.gz	ftp.sra.ebi.ac.uk/vol1/run/ERR187/ERR1873353/G3533.1.fq.gz;ftp.sra.ebi.ac.uk/vol1/run/ERR187/ERR1873353/G3533.2.fq.gz	
PRJEB19856	SAMEA103892625	ERX1933879	ERR1873354	410658	soil metagenome	ftp.sra.ebi.ac.uk/vol1/fastq/ERR187/004/ERR1873354/ERR1873354_1.fastq.gz;ftp.sra.ebi.ac.uk/vol1/fastq/ERR187/004/ERR1873354/ERR1873354_2.fastq.gz	ftp.sra.ebi.ac.uk/vol1/run/ERR187/ERR1873354/G3537.1.fq.gz;ftp.sra.ebi.ac.uk/vol1/run/ERR187/ERR1873354/G3537.2.fq.gz	
PRJEB19856	SAMEA103893303	ERX1933880	ERR1873355	410658	soil metagenome	ftp.sra.ebi.ac.uk/vol1/fastq/ERR187/005/ERR1873355/ERR1873355_1.fastq.gz;ftp.sra.ebi.ac.uk/vol1/fastq/ERR187/005/ERR1873355/ERR1873355_2.fastq.gz	ftp.sra.ebi.ac.uk/vol1/run/ERR187/ERR1873355/G3544.1.fq.gz;ftp.sra.ebi.ac.uk/vol1/run/ERR187/ERR1873355/G3544.2.fq.gz	
PRJEB19856	SAMEA103893304	ERX1933881	ERR1873356	410658	soil metagenome	ftp.sra.ebi.ac.uk/vol1/fastq/ERR187/006/ERR1873356/ERR1873356_1.fastq.gz;ftp.sra.ebi.ac.uk/vol1/fastq/ERR187/006/ERR1873356/ERR1873356_2.fastq.gz	ftp.sra.ebi.ac.uk/vol1/run/ERR187/ERR1873356/G3556.1.fq.gz;ftp.sra.ebi.ac.uk/vol1/run/ERR187/ERR1873356/G3556.2.fq.gz	
PRJEB19856	SAMEA103893305	ERX1933882	ERR1873357	410658	soil metagenome	ftp.sra.ebi.ac.uk/vol1/fastq/ERR187/007/ERR1873357/ERR1873357_1.fastq.gz;ftp.sra.ebi.ac.uk/vol1/fastq/ERR187/007/ERR1873357/ERR1873357_2.fastq.gz	ftp.sra.ebi.ac.uk/vol1/run/ERR187/ERR1873357/G3565.1.fq.gz;ftp.sra.ebi.ac.uk/vol1/run/ERR187/ERR1873357/G3565.2.fq.gz	
PRJEB19856	SAMEA103893306	ERX1933883	ERR1873358	410658	soil metagenome	ftp.sra.ebi.ac.uk/vol1/fastq/ERR187/008/ERR1873358/ERR1873358_1.fastq.gz;ftp.sra.ebi.ac.uk/vol1/fastq/ERR187/008/ERR1873358/ERR1873358_2.fastq.gz	ftp.sra.ebi.ac.uk/vol1/run/ERR187/ERR1873358/G3568.1.fq.gz;ftp.sra.ebi.ac.uk/vol1/run/ERR187/ERR1873358/G3568.2.fq.gz	
PRJEB19856	SAMEA103893307	ERX1933884	ERR1873359	410658	soil metagenome	ftp.sra.ebi.ac.uk/vol1/fastq/ERR187/009/ERR1873359/ERR1873359_1.fastq.gz;ftp.sra.ebi.ac.uk/vol1/fastq/ERR187/009/ERR1873359/ERR1873359_2.fastq.gz	ftp.sra.ebi.ac.uk/vol1/run/ERR187/ERR1873359/G3590.1.fq.gz;ftp.sra.ebi.ac.uk/vol1/run/ERR187/ERR1873359/G3590.2.fq.gz	
PRJEB19856	SAMEA103893308	ERX1933885	ERR1873360	410658	soil metagenome	ftp.sra.ebi.ac.uk/vol1/fastq/ERR187/000/ERR1873360/ERR1873360_1.fastq.gz;ftp.sra.ebi.ac.uk/vol1/fastq/ERR187/000/ERR1873360/ERR1873360_2.fastq.gz	ftp.sra.ebi.ac.uk/vol1/run/ERR187/ERR1873360/G3609.1.fq.gz;ftp.sra.ebi.ac.uk/vol1/run/ERR187/ERR1873360/G3609.2.fq.gz	
PRJEB19856	SAMEA103893309	ERX1933886	ERR1873361	410658	soil metagenome	ftp.sra.ebi.ac.uk/vol1/fastq/ERR187/001/ERR1873361/ERR1873361_1.fastq.gz;ftp.sra.ebi.ac.uk/vol1/fastq/ERR187/001/ERR1873361/ERR1873361_2.fastq.gz	ftp.sra.ebi.ac.uk/vol1/run/ERR187/ERR1873361/G4006.1.fq.gz;ftp.sra.ebi.ac.uk/vol1/run/ERR187/ERR1873361/G4006.2.fq.gz	
PRJEB19856	SAMEA103893310	ERX1933887	ERR1873362	410658	soil metagenome	ftp.sra.ebi.ac.uk/vol1/fastq/ERR187/002/ERR1873362/ERR1873362_1.fastq.gz;ftp.sra.ebi.ac.uk/vol1/fastq/ERR187/002/ERR1873362/ERR1873362_2.fastq.gz	ftp.sra.ebi.ac.uk/vol1/run/ERR187/ERR1873362/G4024.1.fq.gz;ftp.sra.ebi.ac.uk/vol1/run/ERR187/ERR1873362/G4024.2.fq.gz	
PRJEB19856	SAMEA103892626	ERX1933888	ERR1873363	410658	soil metagenome	ftp.sra.ebi.ac.uk/vol1/fastq/ERR187/003/ERR1873363/ERR1873363_1.fastq.gz;ftp.sra.ebi.ac.uk/vol1/fastq/ERR187/003/ERR1873363/ERR1873363_2.fastq.gz	ftp.sra.ebi.ac.uk/vol1/run/ERR187/ERR1873363/G4034.1.fq.gz;ftp.sra.ebi.ac.uk/vol1/run/ERR187/ERR1873363/G4034.2.fq.gz	
PRJEB19856	SAMEA103893311	ERX1933889	ERR1873364	410658	soil metagenome	ftp.sra.ebi.ac.uk/vol1/fastq/ERR187/004/ERR1873364/ERR1873364_1.fastq.gz;ftp.sra.ebi.ac.uk/vol1/fastq/ERR187/004/ERR1873364/ERR1873364_2.fastq.gz	ftp.sra.ebi.ac.uk/vol1/run/ERR187/ERR1873364/G4049.1.fq.gz;ftp.sra.ebi.ac.uk/vol1/run/ERR187/ERR1873364/G4049.2.fq.gz	
PRJEB19856	SAMEA103893312	ERX1933890	ERR1873365	410658	soil metagenome	ftp.sra.ebi.ac.uk/vol1/fastq/ERR187/005/ERR1873365/ERR1873365_1.fastq.gz;ftp.sra.ebi.ac.uk/vol1/fastq/ERR187/005/ERR1873365/ERR1873365_2.fastq.gz	ftp.sra.ebi.ac.uk/vol1/run/ERR187/ERR1873365/G4051.1.fq.gz;ftp.sra.ebi.ac.uk/vol1/run/ERR187/ERR1873365/G4051.2.fq.gz	
PRJEB19856	SAMEA103893313	ERX1933891	ERR1873366	410658	soil metagenome	ftp.sra.ebi.ac.uk/vol1/fastq/ERR187/006/ERR1873366/ERR1873366_1.fastq.gz;ftp.sra.ebi.ac.uk/vol1/fastq/ERR187/006/ERR1873366/ERR1873366_2.fastq.gz	ftp.sra.ebi.ac.uk/vol1/run/ERR187/ERR1873366/S275.1.fq.gz;ftp.sra.ebi.ac.uk/vol1/run/ERR187/ERR1873366/S275.2.fq.gz	
PRJEB19856	SAMEA103893314	ERX1933892	ERR1873367	410658	soil metagenome	ftp.sra.ebi.ac.uk/vol1/fastq/ERR187/007/ERR1873367/ERR1873367_1.fastq.gz;ftp.sra.ebi.ac.uk/vol1/fastq/ERR187/007/ERR1873367/ERR1873367_2.fastq.gz	ftp.sra.ebi.ac.uk/vol1/run/ERR187/ERR1873367/S293.1.fq.gz;ftp.sra.ebi.ac.uk/vol1/run/ERR187/ERR1873367/S293.2.fq.gz	
PRJEB19856	SAMEA103893315	ERX1933893	ERR1873368	410658	soil metagenome	ftp.sra.ebi.ac.uk/vol1/fastq/ERR187/008/ERR1873368/ERR1873368_1.fastq.gz;ftp.sra.ebi.ac.uk/vol1/fastq/ERR187/008/ERR1873368/ERR1873368_2.fastq.gz	ftp.sra.ebi.ac.uk/vol1/run/ERR187/ERR1873368/S295.1.fq.gz;ftp.sra.ebi.ac.uk/vol1/run/ERR187/ERR1873368/S295.2.fq.gz	
PRJEB19856	SAMEA103893316	ERX1933894	ERR1873369	410658	soil metagenome	ftp.sra.ebi.ac.uk/vol1/fastq/ERR187/009/ERR1873369/ERR1873369_1.fastq.gz;ftp.sra.ebi.ac.uk/vol1/fastq/ERR187/009/ERR1873369/ERR1873369_2.fastq.gz	ftp.sra.ebi.ac.uk/vol1/run/ERR187/ERR1873369/S299.1.fq.gz;ftp.sra.ebi.ac.uk/vol1/run/ERR187/ERR1873369/S299.2.fq.gz	
PRJEB19856	SAMEA103893317	ERX1933895	ERR1873370	410658	soil metagenome	ftp.sra.ebi.ac.uk/vol1/fastq/ERR187/000/ERR1873370/ERR1873370_1.fastq.gz;ftp.sra.ebi.ac.uk/vol1/fastq/ERR187/000/ERR1873370/ERR1873370_2.fastq.gz	ftp.sra.ebi.ac.uk/vol1/run/ERR187/ERR1873370/S302.1.fq.gz;ftp.sra.ebi.ac.uk/vol1/run/ERR187/ERR1873370/S302.2.fq.gz	
PRJEB19856	SAMEA103893318	ERX1933896	ERR1873371	410658	soil metagenome	ftp.sra.ebi.ac.uk/vol1/fastq/ERR187/001/ERR1873371/ERR1873371_1.fastq.gz;ftp.sra.ebi.ac.uk/vol1/fastq/ERR187/001/ERR1873371/ERR1873371_2.fastq.gz	ftp.sra.ebi.ac.uk/vol1/run/ERR187/ERR1873371/S303.1.fq.gz;ftp.sra.ebi.ac.uk/vol1/run/ERR187/ERR1873371/S303.2.fq.gz	
PRJEB19856	SAMEA103893319	ERX1933897	ERR1873372	410658	soil metagenome	ftp.sra.ebi.ac.uk/vol1/fastq/ERR187/002/ERR1873372/ERR1873372_1.fastq.gz;ftp.sra.ebi.ac.uk/vol1/fastq/ERR187/002/ERR1873372/ERR1873372_2.fastq.gz	ftp.sra.ebi.ac.uk/vol1/run/ERR187/ERR1873372/S306.1.fq.gz;ftp.sra.ebi.ac.uk/vol1/run/ERR187/ERR1873372/S306.2.fq.gz	
PRJEB19856	SAMEA103893320	ERX1933898	ERR1873373	410658	soil metagenome	ftp.sra.ebi.ac.uk/vol1/fastq/ERR187/003/ERR1873373/ERR1873373_1.fastq.gz;ftp.sra.ebi.ac.uk/vol1/fastq/ERR187/003/ERR1873373/ERR1873373_2.fastq.gz	ftp.sra.ebi.ac.uk/vol1/run/ERR187/ERR1873373/S309.1.fq.gz;ftp.sra.ebi.ac.uk/vol1/run/ERR187/ERR1873373/S309.2.fq.gz	
PRJEB19856	SAMEA103893321	ERX1933899	ERR1873374	410658	soil metagenome	ftp.sra.ebi.ac.uk/vol1/fastq/ERR187/004/ERR1873374/ERR1873374_1.fastq.gz;ftp.sra.ebi.ac.uk/vol1/fastq/ERR187/004/ERR1873374/ERR1873374_2.fastq.gz	ftp.sra.ebi.ac.uk/vol1/run/ERR187/ERR1873374/S323.1.fq.gz;ftp.sra.ebi.ac.uk/vol1/run/ERR187/ERR1873374/S323.2.fq.gz	
PRJEB19856	SAMEA103893322	ERX1933900	ERR1873375	410658	soil metagenome	ftp.sra.ebi.ac.uk/vol1/fastq/ERR187/005/ERR1873375/ERR1873375_1.fastq.gz;ftp.sra.ebi.ac.uk/vol1/fastq/ERR187/005/ERR1873375/ERR1873375_2.fastq.gz	ftp.sra.ebi.ac.uk/vol1/run/ERR187/ERR1873375/S324.1.fq.gz;ftp.sra.ebi.ac.uk/vol1/run/ERR187/ERR1873375/S324.2.fq.gz	
PRJEB19856	SAMEA103893323	ERX1933901	ERR1873376	410658	soil metagenome	ftp.sra.ebi.ac.uk/vol1/fastq/ERR187/006/ERR1873376/ERR1873376_1.fastq.gz;ftp.sra.ebi.ac.uk/vol1/fastq/ERR187/006/ERR1873376/ERR1873376_2.fastq.gz	ftp.sra.ebi.ac.uk/vol1/run/ERR187/ERR1873376/S348.1.fq.gz;ftp.sra.ebi.ac.uk/vol1/run/ERR187/ERR1873376/S348.2.fq.gz	
PRJEB19856	SAMEA103893324	ERX1933902	ERR1873377	410658	soil metagenome	ftp.sra.ebi.ac.uk/vol1/fastq/ERR187/007/ERR1873377/ERR1873377_1.fastq.gz;ftp.sra.ebi.ac.uk/vol1/fastq/ERR187/007/ERR1873377/ERR1873377_2.fastq.gz	ftp.sra.ebi.ac.uk/vol1/run/ERR187/ERR1873377/S352.1.fq.gz;ftp.sra.ebi.ac.uk/vol1/run/ERR187/ERR1873377/S352.2.fq.gz	
PRJEB19856	SAMEA103893325	ERX1933903	ERR1873378	410658	soil metagenome	ftp.sra.ebi.ac.uk/vol1/fastq/ERR187/008/ERR1873378/ERR1873378_1.fastq.gz;ftp.sra.ebi.ac.uk/vol1/fastq/ERR187/008/ERR1873378/ERR1873378_2.fastq.gz	ftp.sra.ebi.ac.uk/vol1/run/ERR187/ERR1873378/S355.1.fq.gz;ftp.sra.ebi.ac.uk/vol1/run/ERR187/ERR1873378/S355.2.fq.gz	
PRJEB19856	SAMEA103893326	ERX1933904	ERR1873379	410658	soil metagenome	ftp.sra.ebi.ac.uk/vol1/fastq/ERR187/009/ERR1873379/ERR1873379_1.fastq.gz;ftp.sra.ebi.ac.uk/vol1/fastq/ERR187/009/ERR1873379/ERR1873379_2.fastq.gz	ftp.sra.ebi.ac.uk/vol1/run/ERR187/ERR1873379/S361.1.fq.gz;ftp.sra.ebi.ac.uk/vol1/run/ERR187/ERR1873379/S361.2.fq.gz	
PRJEB19856	SAMEA103893327	ERX1933905	ERR1873380	410658	soil metagenome	ftp.sra.ebi.ac.uk/vol1/fastq/ERR187/000/ERR1873380/ERR1873380_1.fastq.gz;ftp.sra.ebi.ac.uk/vol1/fastq/ERR187/000/ERR1873380/ERR1873380_2.fastq.gz	ftp.sra.ebi.ac.uk/vol1/run/ERR187/ERR1873380/S370.1.fq.gz;ftp.sra.ebi.ac.uk/vol1/run/ERR187/ERR1873380/S370.2.fq.gz	
PRJEB19856	SAMEA103893328	ERX1933906	ERR1873381	410658	soil metagenome	ftp.sra.ebi.ac.uk/vol1/fastq/ERR187/001/ERR1873381/ERR1873381_1.fastq.gz;ftp.sra.ebi.ac.uk/vol1/fastq/ERR187/001/ERR1873381/ERR1873381_2.fastq.gz	ftp.sra.ebi.ac.uk/vol1/run/ERR187/ERR1873381/S405.1.fq.gz;ftp.sra.ebi.ac.uk/vol1/run/ERR187/ERR1873381/S405.2.fq.gz	
PRJEB19856	SAMEA103892593	ERX1938496	ERR1877971	410658	soil metagenome	ftp.sra.ebi.ac.uk/vol1/fastq/ERR187/001/ERR1877971/ERR1877971_1.fastq.gz;ftp.sra.ebi.ac.uk/vol1/fastq/ERR187/001/ERR1877971/ERR1877971_2.fastq.gz	ftp.sra.ebi.ac.uk/vol1/run/ERR187/ERR1877971/S041.1.fq.gz;ftp.sra.ebi.ac.uk/vol1/run/ERR187/ERR1877971/S041.2.fq.gz	
PRJEB19856	SAMEA103892517	ERX1938497	ERR1877972	410658	soil metagenome	ftp.sra.ebi.ac.uk/vol1/fastq/ERR187/002/ERR1877972/ERR1877972_1.fastq.gz;ftp.sra.ebi.ac.uk/vol1/fastq/ERR187/002/ERR1877972/ERR1877972_2.fastq.gz	ftp.sra.ebi.ac.uk/vol1/run/ERR187/ERR1877972/S160.1.fq.gz;ftp.sra.ebi.ac.uk/vol1/run/ERR187/ERR1877972/S160.2.fq.gz	
PRJEB19856	SAMEA103900103	ERX1938498	ERR1877973	410658	soil metagenome	ftp.sra.ebi.ac.uk/vol1/fastq/ERR187/003/ERR1877973/ERR1877973_1.fastq.gz;ftp.sra.ebi.ac.uk/vol1/fastq/ERR187/003/ERR1877973/ERR1877973_2.fastq.gz	ftp.sra.ebi.ac.uk/vol1/run/ERR187/ERR1877973/AV123.1.fq.gz;ftp.sra.ebi.ac.uk/vol1/run/ERR187/ERR1877973/AV123.2.fq.gz	
PRJEB19856	SAMEA4698675	ERX2619089	ERR2602433	410658	soil metagenome	ftp.sra.ebi.ac.uk/vol1/fastq/ERR260/003/ERR2602433/ERR2602433_1.fastq.gz;ftp.sra.ebi.ac.uk/vol1/fastq/ERR260/003/ERR2602433/ERR2602433_2.fastq.gz	ftp.sra.ebi.ac.uk/vol1/run/ERR260/ERR2602433/G2536_F.1.fq.gz;ftp.sra.ebi.ac.uk/vol1/run/ERR260/ERR2602433/G2536_F.2.fq.gz	
PRJEB19856	SAMEA4698676	ERX2619090	ERR2602434	410658	soil metagenome	ftp.sra.ebi.ac.uk/vol1/fastq/ERR260/004/ERR2602434/ERR2602434_1.fastq.gz;ftp.sra.ebi.ac.uk/vol1/fastq/ERR260/004/ERR2602434/ERR2602434_2.fastq.gz	ftp.sra.ebi.ac.uk/vol1/run/ERR260/ERR2602434/G2645_F.1.fq.gz;ftp.sra.ebi.ac.uk/vol1/run/ERR260/ERR2602434/G2645_F.2.fq.gz	
PRJEB19856	SAMEA4698677	ERX2619091	ERR2602435	410658	soil metagenome	ftp.sra.ebi.ac.uk/vol1/fastq/ERR260/005/ERR2602435/ERR2602435_1.fastq.gz;ftp.sra.ebi.ac.uk/vol1/fastq/ERR260/005/ERR2602435/ERR2602435_2.fastq.gz	ftp.sra.ebi.ac.uk/vol1/run/ERR260/ERR2602435/G2745_F.1.fq.gz;ftp.sra.ebi.ac.uk/vol1/run/ERR260/ERR2602435/G2745_F.2.fq.gz	
PRJEB19856	SAMEA4698678	ERX2619092	ERR2602436	410658	soil metagenome	ftp.sra.ebi.ac.uk/vol1/fastq/ERR260/006/ERR2602436/ERR2602436_1.fastq.gz;ftp.sra.ebi.ac.uk/vol1/fastq/ERR260/006/ERR2602436/ERR2602436_2.fastq.gz	ftp.sra.ebi.ac.uk/vol1/run/ERR260/ERR2602436/G2844_F.1.fq.gz;ftp.sra.ebi.ac.uk/vol1/run/ERR260/ERR2602436/G2844_F.2.fq.gz	
PRJEB19856	SAMEA4698679	ERX2619093	ERR2602437	410658	soil metagenome	ftp.sra.ebi.ac.uk/vol1/fastq/ERR260/007/ERR2602437/ERR2602437_1.fastq.gz;ftp.sra.ebi.ac.uk/vol1/fastq/ERR260/007/ERR2602437/ERR2602437_2.fastq.gz	ftp.sra.ebi.ac.uk/vol1/run/ERR260/ERR2602437/G2846_F.1.fq.gz;ftp.sra.ebi.ac.uk/vol1/run/ERR260/ERR2602437/G2846_F.2.fq.gz	
PRJEB19856	SAMEA4698680	ERX2619094	ERR2602438	410658	soil metagenome	ftp.sra.ebi.ac.uk/vol1/fastq/ERR260/008/ERR2602438/ERR2602438_1.fastq.gz;ftp.sra.ebi.ac.uk/vol1/fastq/ERR260/008/ERR2602438/ERR2602438_2.fastq.gz	ftp.sra.ebi.ac.uk/vol1/run/ERR260/ERR2602438/G3050_F.1.fq.gz;ftp.sra.ebi.ac.uk/vol1/run/ERR260/ERR2602438/G3050_F.2.fq.gz	
PRJEB19856	SAMEA4698681	ERX2619095	ERR2602439	410658	soil metagenome	ftp.sra.ebi.ac.uk/vol1/fastq/ERR260/009/ERR2602439/ERR2602439_1.fastq.gz;ftp.sra.ebi.ac.uk/vol1/fastq/ERR260/009/ERR2602439/ERR2602439_2.fastq.gz	ftp.sra.ebi.ac.uk/vol1/run/ERR260/ERR2602439/G3242_F.1.fq.gz;ftp.sra.ebi.ac.uk/vol1/run/ERR260/ERR2602439/G3242_F.2.fq.gz	
PRJEB19856	SAMEA4698682	ERX2619096	ERR2602440	410658	soil metagenome	ftp.sra.ebi.ac.uk/vol1/fastq/ERR260/000/ERR2602440/ERR2602440_1.fastq.gz;ftp.sra.ebi.ac.uk/vol1/fastq/ERR260/000/ERR2602440/ERR2602440_2.fastq.gz	ftp.sra.ebi.ac.uk/vol1/run/ERR260/ERR2602440/G3426_F.1.fq.gz;ftp.sra.ebi.ac.uk/vol1/run/ERR260/ERR2602440/G3426_F.2.fq.gz	
PRJEB19856	SAMEA4698683	ERX2619097	ERR2602441	410658	soil metagenome	ftp.sra.ebi.ac.uk/vol1/fastq/ERR260/001/ERR2602441/ERR2602441_1.fastq.gz;ftp.sra.ebi.ac.uk/vol1/fastq/ERR260/001/ERR2602441/ERR2602441_2.fastq.gz	ftp.sra.ebi.ac.uk/vol1/run/ERR260/ERR2602441/G3484_F.1.fq.gz;ftp.sra.ebi.ac.uk/vol1/run/ERR260/ERR2602441/G3484_F.2.fq.gz	
PRJEB19856	SAMEA4698684	ERX2619098	ERR2602442	410658	soil metagenome	ftp.sra.ebi.ac.uk/vol1/fastq/ERR260/002/ERR2602442/ERR2602442_1.fastq.gz;ftp.sra.ebi.ac.uk/vol1/fastq/ERR260/002/ERR2602442/ERR2602442_2.fastq.gz	ftp.sra.ebi.ac.uk/vol1/run/ERR260/ERR2602442/G3487_F.1.fq.gz;ftp.sra.ebi.ac.uk/vol1/run/ERR260/ERR2602442/G3487_F.2.fq.gz	
PRJEB19856	SAMEA4698685	ERX2619099	ERR2602443	410658	soil metagenome	ftp.sra.ebi.ac.uk/vol1/fastq/ERR260/003/ERR2602443/ERR2602443_1.fastq.gz;ftp.sra.ebi.ac.uk/vol1/fastq/ERR260/003/ERR2602443/ERR2602443_2.fastq.gz	ftp.sra.ebi.ac.uk/vol1/run/ERR260/ERR2602443/G3504_F.1.fq.gz;ftp.sra.ebi.ac.uk/vol1/run/ERR260/ERR2602443/G3504_F.2.fq.gz	
PRJEB19856	SAMEA4698686	ERX2619100	ERR2602444	410658	soil metagenome	ftp.sra.ebi.ac.uk/vol1/fastq/ERR260/004/ERR2602444/ERR2602444_1.fastq.gz;ftp.sra.ebi.ac.uk/vol1/fastq/ERR260/004/ERR2602444/ERR2602444_2.fastq.gz	ftp.sra.ebi.ac.uk/vol1/run/ERR260/ERR2602444/S001_F.1.fq.gz;ftp.sra.ebi.ac.uk/vol1/run/ERR260/ERR2602444/S001_F.2.fq.gz	
PRJEB19856	SAMEA4698687	ERX2619101	ERR2602445	410658	soil metagenome	ftp.sra.ebi.ac.uk/vol1/fastq/ERR260/005/ERR2602445/ERR2602445_1.fastq.gz;ftp.sra.ebi.ac.uk/vol1/fastq/ERR260/005/ERR2602445/ERR2602445_2.fastq.gz	ftp.sra.ebi.ac.uk/vol1/run/ERR260/ERR2602445/S004_F.1.fq.gz;ftp.sra.ebi.ac.uk/vol1/run/ERR260/ERR2602445/S004_F.2.fq.gz	
PRJEB19856	SAMEA4698688	ERX2619102	ERR2602446	410658	soil metagenome	ftp.sra.ebi.ac.uk/vol1/fastq/ERR260/006/ERR2602446/ERR2602446_1.fastq.gz;ftp.sra.ebi.ac.uk/vol1/fastq/ERR260/006/ERR2602446/ERR2602446_2.fastq.gz	ftp.sra.ebi.ac.uk/vol1/run/ERR260/ERR2602446/S023_F.1.fq.gz;ftp.sra.ebi.ac.uk/vol1/run/ERR260/ERR2602446/S023_F.2.fq.gz	
PRJEB19856	SAMEA4698689	ERX2619103	ERR2602447	410658	soil metagenome	ftp.sra.ebi.ac.uk/vol1/fastq/ERR260/007/ERR2602447/ERR2602447_1.fastq.gz;ftp.sra.ebi.ac.uk/vol1/fastq/ERR260/007/ERR2602447/ERR2602447_2.fastq.gz	ftp.sra.ebi.ac.uk/vol1/run/ERR260/ERR2602447/S031_F.1.fq.gz;ftp.sra.ebi.ac.uk/vol1/run/ERR260/ERR2602447/S031_F.2.fq.gz	
PRJEB19856	SAMEA4698690	ERX2619104	ERR2602448	410658	soil metagenome	ftp.sra.ebi.ac.uk/vol1/fastq/ERR260/008/ERR2602448/ERR2602448_1.fastq.gz;ftp.sra.ebi.ac.uk/vol1/fastq/ERR260/008/ERR2602448/ERR2602448_2.fastq.gz	ftp.sra.ebi.ac.uk/vol1/run/ERR260/ERR2602448/S036_F.1.fq.gz;ftp.sra.ebi.ac.uk/vol1/run/ERR260/ERR2602448/S036_F.2.fq.gz	
PRJEB19856	SAMEA4698691	ERX2619105	ERR2602449	410658	soil metagenome	ftp.sra.ebi.ac.uk/vol1/fastq/ERR260/009/ERR2602449/ERR2602449_1.fastq.gz;ftp.sra.ebi.ac.uk/vol1/fastq/ERR260/009/ERR2602449/ERR2602449_2.fastq.gz	ftp.sra.ebi.ac.uk/vol1/run/ERR260/ERR2602449/S043_F.1.fq.gz;ftp.sra.ebi.ac.uk/vol1/run/ERR260/ERR2602449/S043_F.2.fq.gz	
PRJEB19856	SAMEA4698692	ERX2619106	ERR2602450	410658	soil metagenome	ftp.sra.ebi.ac.uk/vol1/fastq/ERR260/000/ERR2602450/ERR2602450_1.fastq.gz;ftp.sra.ebi.ac.uk/vol1/fastq/ERR260/000/ERR2602450/ERR2602450_2.fastq.gz	ftp.sra.ebi.ac.uk/vol1/run/ERR260/ERR2602450/S045_F.1.fq.gz;ftp.sra.ebi.ac.uk/vol1/run/ERR260/ERR2602450/S045_F.2.fq.gz	
PRJEB19856	SAMEA4698693	ERX2619107	ERR2602451	410658	soil metagenome	ftp.sra.ebi.ac.uk/vol1/fastq/ERR260/001/ERR2602451/ERR2602451_1.fastq.gz;ftp.sra.ebi.ac.uk/vol1/fastq/ERR260/001/ERR2602451/ERR2602451_2.fastq.gz	ftp.sra.ebi.ac.uk/vol1/run/ERR260/ERR2602451/S053_F.1.fq.gz;ftp.sra.ebi.ac.uk/vol1/run/ERR260/ERR2602451/S053_F.2.fq.gz	
PRJEB19856	SAMEA4698694	ERX2619108	ERR2602452	410658	soil metagenome	ftp.sra.ebi.ac.uk/vol1/fastq/ERR260/002/ERR2602452/ERR2602452_1.fastq.gz;ftp.sra.ebi.ac.uk/vol1/fastq/ERR260/002/ERR2602452/ERR2602452_2.fastq.gz	ftp.sra.ebi.ac.uk/vol1/run/ERR260/ERR2602452/S061_F.1.fq.gz;ftp.sra.ebi.ac.uk/vol1/run/ERR260/ERR2602452/S061_F.2.fq.gz	
PRJEB19856	SAMEA4698695	ERX2619109	ERR2602453	410658	soil metagenome	ftp.sra.ebi.ac.uk/vol1/fastq/ERR260/003/ERR2602453/ERR2602453_1.fastq.gz;ftp.sra.ebi.ac.uk/vol1/fastq/ERR260/003/ERR2602453/ERR2602453_2.fastq.gz	ftp.sra.ebi.ac.uk/vol1/run/ERR260/ERR2602453/S069_F.1.fq.gz;ftp.sra.ebi.ac.uk/vol1/run/ERR260/ERR2602453/S069_F.2.fq.gz	
PRJEB19856	SAMEA4698696	ERX2619110	ERR2602454	410658	soil metagenome	ftp.sra.ebi.ac.uk/vol1/fastq/ERR260/004/ERR2602454/ERR2602454_1.fastq.gz;ftp.sra.ebi.ac.uk/vol1/fastq/ERR260/004/ERR2602454/ERR2602454_2.fastq.gz	ftp.sra.ebi.ac.uk/vol1/run/ERR260/ERR2602454/S070a_F.1.fq.gz;ftp.sra.ebi.ac.uk/vol1/run/ERR260/ERR2602454/S070a_F.2.fq.gz	
PRJEB19856	SAMEA4698697	ERX2619111	ERR2602455	410658	soil metagenome	ftp.sra.ebi.ac.uk/vol1/fastq/ERR260/005/ERR2602455/ERR2602455_1.fastq.gz;ftp.sra.ebi.ac.uk/vol1/fastq/ERR260/005/ERR2602455/ERR2602455_2.fastq.gz	ftp.sra.ebi.ac.uk/vol1/run/ERR260/ERR2602455/S075_F.1.fq.gz;ftp.sra.ebi.ac.uk/vol1/run/ERR260/ERR2602455/S075_F.2.fq.gz	
PRJEB19856	SAMEA4698698	ERX2619112	ERR2602456	410658	soil metagenome	ftp.sra.ebi.ac.uk/vol1/fastq/ERR260/006/ERR2602456/ERR2602456_1.fastq.gz;ftp.sra.ebi.ac.uk/vol1/fastq/ERR260/006/ERR2602456/ERR2602456_2.fastq.gz	ftp.sra.ebi.ac.uk/vol1/run/ERR260/ERR2602456/S079_F.1.fq.gz;ftp.sra.ebi.ac.uk/vol1/run/ERR260/ERR2602456/S079_F.2.fq.gz	
PRJEB19856	SAMEA4698699	ERX2619113	ERR2602457	410658	soil metagenome	ftp.sra.ebi.ac.uk/vol1/fastq/ERR260/007/ERR2602457/ERR2602457_1.fastq.gz;ftp.sra.ebi.ac.uk/vol1/fastq/ERR260/007/ERR2602457/ERR2602457_2.fastq.gz	ftp.sra.ebi.ac.uk/vol1/run/ERR260/ERR2602457/S085_F.1.fq.gz;ftp.sra.ebi.ac.uk/vol1/run/ERR260/ERR2602457/S085_F.2.fq.gz	
PRJEB19856	SAMEA4698700	ERX2619114	ERR2602458	410658	soil metagenome	ftp.sra.ebi.ac.uk/vol1/fastq/ERR260/008/ERR2602458/ERR2602458_1.fastq.gz;ftp.sra.ebi.ac.uk/vol1/fastq/ERR260/008/ERR2602458/ERR2602458_2.fastq.gz	ftp.sra.ebi.ac.uk/vol1/run/ERR260/ERR2602458/S099_F.1.fq.gz;ftp.sra.ebi.ac.uk/vol1/run/ERR260/ERR2602458/S099_F.2.fq.gz	
PRJEB19856	SAMEA4698701	ERX2619115	ERR2602459	410658	soil metagenome	ftp.sra.ebi.ac.uk/vol1/fastq/ERR260/009/ERR2602459/ERR2602459_1.fastq.gz;ftp.sra.ebi.ac.uk/vol1/fastq/ERR260/009/ERR2602459/ERR2602459_2.fastq.gz	ftp.sra.ebi.ac.uk/vol1/run/ERR260/ERR2602459/S114_F.1.fq.gz;ftp.sra.ebi.ac.uk/vol1/run/ERR260/ERR2602459/S114_F.2.fq.gz	
PRJEB19856	SAMEA4698702	ERX2619116	ERR2602460	410658	soil metagenome	ftp.sra.ebi.ac.uk/vol1/fastq/ERR260/000/ERR2602460/ERR2602460_1.fastq.gz;ftp.sra.ebi.ac.uk/vol1/fastq/ERR260/000/ERR2602460/ERR2602460_2.fastq.gz	ftp.sra.ebi.ac.uk/vol1/run/ERR260/ERR2602460/S122_F.1.fq.gz;ftp.sra.ebi.ac.uk/vol1/run/ERR260/ERR2602460/S122_F.2.fq.gz	
PRJEB19856	SAMEA4698703	ERX2619117	ERR2602461	410658	soil metagenome	ftp.sra.ebi.ac.uk/vol1/fastq/ERR260/001/ERR2602461/ERR2602461_1.fastq.gz;ftp.sra.ebi.ac.uk/vol1/fastq/ERR260/001/ERR2602461/ERR2602461_2.fastq.gz	ftp.sra.ebi.ac.uk/vol1/run/ERR260/ERR2602461/S141_F.1.fq.gz;ftp.sra.ebi.ac.uk/vol1/run/ERR260/ERR2602461/S141_F.2.fq.gz	
PRJEB19856	SAMEA4698704	ERX2619118	ERR2602462	410658	soil metagenome	ftp.sra.ebi.ac.uk/vol1/fastq/ERR260/002/ERR2602462/ERR2602462_1.fastq.gz;ftp.sra.ebi.ac.uk/vol1/fastq/ERR260/002/ERR2602462/ERR2602462_2.fastq.gz	ftp.sra.ebi.ac.uk/vol1/run/ERR260/ERR2602462/S171_F.1.fq.gz;ftp.sra.ebi.ac.uk/vol1/run/ERR260/ERR2602462/S171_F.2.fq.gz	
PRJEB19856	SAMEA4698705	ERX2619119	ERR2602463	410658	soil metagenome	ftp.sra.ebi.ac.uk/vol1/fastq/ERR260/003/ERR2602463/ERR2602463_1.fastq.gz;ftp.sra.ebi.ac.uk/vol1/fastq/ERR260/003/ERR2602463/ERR2602463_2.fastq.gz	ftp.sra.ebi.ac.uk/vol1/run/ERR260/ERR2602463/S195_F.1.fq.gz;ftp.sra.ebi.ac.uk/vol1/run/ERR260/ERR2602463/S195_F.2.fq.gz	
PRJEB19856	SAMEA4698706	ERX2619120	ERR2602464	410658	soil metagenome	ftp.sra.ebi.ac.uk/vol1/fastq/ERR260/004/ERR2602464/ERR2602464_1.fastq.gz;ftp.sra.ebi.ac.uk/vol1/fastq/ERR260/004/ERR2602464/ERR2602464_2.fastq.gz	ftp.sra.ebi.ac.uk/vol1/run/ERR260/ERR2602464/S215_F.1.fq.gz;ftp.sra.ebi.ac.uk/vol1/run/ERR260/ERR2602464/S215_F.2.fq.gz	
PRJEB19856	SAMEA4698707	ERX2619121	ERR2602465	410658	soil metagenome	ftp.sra.ebi.ac.uk/vol1/fastq/ERR260/005/ERR2602465/ERR2602465_1.fastq.gz;ftp.sra.ebi.ac.uk/vol1/fastq/ERR260/005/ERR2602465/ERR2602465_2.fastq.gz	ftp.sra.ebi.ac.uk/vol1/run/ERR260/ERR2602465/S217_F.1.fq.gz;ftp.sra.ebi.ac.uk/vol1/run/ERR260/ERR2602465/S217_F.2.fq.gz	
PRJEB19856	SAMEA4698708	ERX2619122	ERR2602466	410658	soil metagenome	ftp.sra.ebi.ac.uk/vol1/fastq/ERR260/006/ERR2602466/ERR2602466_1.fastq.gz;ftp.sra.ebi.ac.uk/vol1/fastq/ERR260/006/ERR2602466/ERR2602466_2.fastq.gz	ftp.sra.ebi.ac.uk/vol1/run/ERR260/ERR2602466/S235_F.1.fq.gz;ftp.sra.ebi.ac.uk/vol1/run/ERR260/ERR2602466/S235_F.2.fq.gz	
PRJEB19856	SAMEA4698709	ERX2619123	ERR2602467	410658	soil metagenome	ftp.sra.ebi.ac.uk/vol1/fastq/ERR260/007/ERR2602467/ERR2602467_1.fastq.gz;ftp.sra.ebi.ac.uk/vol1/fastq/ERR260/007/ERR2602467/ERR2602467_2.fastq.gz	ftp.sra.ebi.ac.uk/vol1/run/ERR260/ERR2602467/S248_F.1.fq.gz;ftp.sra.ebi.ac.uk/vol1/run/ERR260/ERR2602467/S248_F.2.fq.gz	
PRJEB19856	SAMEA4698710	ERX2619124	ERR2602468	410658	soil metagenome	ftp.sra.ebi.ac.uk/vol1/fastq/ERR260/008/ERR2602468/ERR2602468_1.fastq.gz;ftp.sra.ebi.ac.uk/vol1/fastq/ERR260/008/ERR2602468/ERR2602468_2.fastq.gz	ftp.sra.ebi.ac.uk/vol1/run/ERR260/ERR2602468/S263_F.1.fq.gz;ftp.sra.ebi.ac.uk/vol1/run/ERR260/ERR2602468/S263_F.2.fq.gz	
PRJEB19856	SAMEA4698764	ERX2619659	ERR2603003	410658	soil metagenome	ftp.sra.ebi.ac.uk/vol1/fastq/ERR260/003/ERR2603003/ERR2603003_1.fastq.gz;ftp.sra.ebi.ac.uk/vol1/fastq/ERR260/003/ERR2603003/ERR2603003_2.fastq.gz	ftp.sra.ebi.ac.uk/vol1/run/ERR260/ERR2603003/G2761a.1.fq.gz;ftp.sra.ebi.ac.uk/vol1/run/ERR260/ERR2603003/G2761a.2.fq.gz	
